gender,SeniorCitizen,Partner,Dependents,tenure,PhoneService,MultipleLines,InternetService,OnlineSecurity,OnlineBackup,DeviceProtection,TechSupport,StreamingTV,StreamingMovies,Contract,PaperlessBilling,PaymentMethod,MonthlyCharges,TotalCharges,Tenure_to_Monthly_Ratio,New_High_Charge
0,0,1,0,1,0,1,0,0,0,0,0,0,0,0,1,2,24.8,24.8,0.03875968992248062,0
1,0,0,0,41,1,2,2,1,1,1,1,1,1,0,1,0,25.25,996.45,1.561904761904762,0
0,0,1,1,52,1,0,2,1,1,1,1,1,1,2,0,3,19.35,1031.7,2.555282555282555,0
0,0,0,0,1,1,0,1,0,0,2,0,0,0,0,0,2,76.35,76.35,0.01292824822236587,1
1,0,0,0,67,1,0,0,0,0,0,2,0,0,2,0,0,50.55,3260.1,1.2997090203685742,0
0,1,1,0,68,1,2,1,0,2,0,0,0,2,0,1,0,89.6,6127.6,0.750551876379691,0
0,0,1,1,23,1,2,0,2,0,2,2,2,0,2,1,0,77.15,1759.4,0.29430582213691614,0
1,0,1,1,72,1,2,0,2,2,2,2,0,0,2,0,1,72.1,5016.65,0.984952120383037,0
1,0,0,0,70,1,2,1,2,0,0,2,2,2,2,1,1,104.0,7250.15,0.6666666666666666,0
1,0,0,0,1,1,0,2,1,1,1,1,1,1,0,0,3,19.4,19.4,0.04901960784313726,0
1,0,0,0,1,1,0,2,1,1,1,1,1,1,0,0,3,20.45,20.45,0.046620046620046623,0
1,0,1,1,34,1,0,1,0,0,2,0,2,0,0,1,3,84.05,2909.95,0.39976484420928865,0
1,1,1,1,28,1,2,0,0,0,0,0,0,0,1,1,2,51.0,1381.8,0.5384615384615384,0
0,1,0,0,18,1,2,1,0,2,0,2,0,0,0,1,2,85.45,1505.85,0.20821283979178715,0
0,0,1,0,15,1,0,2,1,1,1,1,1,1,0,0,1,20.45,330.8,0.6993006993006993,0
0,1,0,0,11,1,2,1,0,0,0,0,2,2,0,1,0,95.15,997.65,0.11440457618304732,0
1,0,0,0,11,1,2,0,0,0,2,0,0,0,0,0,2,53.75,608.0,0.2009132420091324,0
1,0,1,1,1,1,0,1,0,0,0,0,0,0,0,1,2,70.0,70.0,0.014084507042253521,0
0,0,1,1,37,1,2,1,0,2,0,0,2,0,0,1,2,88.8,3340.55,0.41202672605790647,0
1,0,0,1,22,1,0,1,0,2,2,0,2,0,0,1,2,89.4,2001.5,0.24336283185840707,0
0,0,0,0,1,1,0,1,0,0,0,0,0,0,0,1,2,70.25,70.25,0.014035087719298246,1
0,0,1,1,1,1,0,2,1,1,1,1,1,1,0,0,2,19.45,19.45,0.0488997555012225,0
1,0,1,1,46,1,2,1,0,2,0,0,0,0,0,1,0,80.0,3769.7,0.5679012345679012,0
0,0,0,0,51,1,2,1,2,2,2,0,2,2,1,0,0,107.45,5680.9,0.4702627939142462,0
0,0,1,0,41,1,0,1,2,2,2,0,2,2,1,1,0,104.45,4162.05,0.388809862494073,0
0,0,1,0,5,1,2,0,0,0,2,2,2,0,0,0,0,67.95,350.3,0.0725163161711385,0
0,0,0,0,45,1,2,1,0,2,0,0,2,0,0,1,1,89.3,4016.85,0.4983388704318937,0
1,0,1,1,29,1,0,0,2,0,0,0,0,2,0,1,3,60.2,1834.15,0.4738562091503268,0
0,1,0,0,15,1,0,1,0,0,0,0,2,2,0,1,2,91.5,1400.3,0.16216216216216217,0
1,0,0,0,72,0,1,0,2,2,2,2,2,2,2,1,0,63.7,4464.8,1.1128284389489953,0
1,0,1,0,50,1,2,1,2,0,2,0,2,2,1,1,2,103.95,5231.3,0.4764173415912339,0
1,0,0,1,27,1,0,2,1,1,1,1,1,1,2,0,3,20.6,581.85,1.25,0
1,0,1,0,72,1,2,0,0,2,2,2,2,2,2,1,0,85.15,6316.2,0.8357515960533952,0
0,0,1,1,51,1,0,0,2,2,0,2,0,2,1,1,1,69.75,3562.5,0.7208480565371025,0
0,0,1,0,60,1,2,1,2,2,0,0,0,2,0,1,1,94.1,5475.9,0.6309148264984228,0
1,0,0,0,17,1,0,2,1,1,1,1,1,1,2,0,1,19.45,369.05,0.8312958435207825,0
0,0,0,0,72,1,0,2,1,1,1,1,1,1,2,1,0,21.15,1419.4,3.250564334085779,0
0,0,1,0,33,1,2,1,0,2,2,0,2,2,0,1,2,104.4,3409.6,0.3130929791271347,0
0,1,1,1,66,1,2,1,0,2,2,0,2,2,1,1,2,104.9,6891.45,0.623229461756374,0
0,0,1,1,69,1,2,1,0,2,2,0,2,2,0,1,2,103.95,7446.9,0.6574559313959027,0
1,0,0,0,5,1,0,1,0,0,0,0,0,0,0,1,2,69.75,324.6,0.0706713780918728,0
0,0,1,0,57,1,2,1,0,0,2,0,2,2,1,1,1,100.75,5985.0,0.5601965601965602,0
0,1,0,0,8,1,2,1,0,0,0,0,0,0,0,1,2,75.75,606.25,0.10423452768729642,0
0,0,0,0,14,1,0,0,0,2,0,0,0,0,1,0,1,51.45,727.85,0.2669208770257388,0
1,0,0,0,25,1,2,1,0,0,0,0,2,2,0,1,0,94.7,2362.1,0.2612330198537095,0
0,0,1,1,52,1,0,2,1,1,1,1,1,1,1,0,1,19.6,1012.4,2.524271844660194,0
0,1,0,0,7,1,0,1,2,0,0,0,0,0,0,0,0,76.45,503.6,0.09038089089735313,0
1,0,0,0,13,1,0,1,0,2,2,0,0,0,0,1,2,79.8,973.45,0.1608910891089109,0
0,1,0,0,15,1,2,1,0,2,0,0,0,2,0,0,2,89.85,1424.95,0.1651073197578426,0
1,0,0,0,22,1,0,0,0,2,0,2,0,0,1,1,1,55.15,1193.05,0.39180765805877116,0
0,0,0,0,19,1,0,2,1,1,1,1,1,1,0,0,3,19.9,367.55,0.9090909090909092,0
1,0,1,1,23,0,1,0,0,0,0,2,0,0,0,1,0,30.35,678.75,0.733652312599681,0
0,0,1,0,72,1,2,1,2,2,2,2,2,2,2,1,0,113.65,8182.75,0.6279982555604012,0
1,1,1,0,72,1,2,1,0,2,0,0,2,2,2,0,0,98.35,6929.4,0.7247106190236537,0
0,0,1,1,59,1,2,1,0,2,0,2,0,2,0,1,0,96.65,5580.8,0.6041986687147977,0
0,0,1,1,70,1,0,0,2,0,0,2,2,2,2,0,1,75.35,5437.75,0.91683038637852,0
1,0,1,1,70,1,0,1,2,2,2,2,2,0,2,1,1,101.1,6994.8,0.6856023506366308,0
1,0,1,1,9,1,0,1,0,0,2,2,2,2,0,0,2,103.1,970.45,0.08645533141210375,0
0,0,0,0,3,1,2,2,1,1,1,1,1,1,0,0,3,24.6,86.35,0.1171875,0
1,1,0,0,17,1,0,1,0,2,2,0,2,2,0,1,2,101.8,1752.45,0.16536964980544747,0
0,0,1,1,28,1,0,1,0,0,0,0,0,0,1,1,0,70.4,1992.2,0.39215686274509803,0
0,0,0,0,10,1,0,0,0,0,2,2,0,0,0,0,2,54.25,583.0,0.18099547511312217,0
1,0,1,1,11,1,0,2,1,1,1,1,1,1,0,0,0,20.95,267.35,0.5011389521640092,0
1,1,1,0,72,1,2,1,2,2,2,0,0,2,2,1,1,102.65,7550.3,0.6946454413892909,0
1,0,0,0,8,1,0,1,0,0,0,0,0,0,0,1,3,70.1,551.35,0.11251758087201126,0
1,1,0,0,69,1,0,2,1,1,1,1,1,1,2,0,1,20.3,1356.3,3.2394366197183095,0
0,0,1,1,39,1,0,2,1,1,1,1,1,1,2,1,0,19.85,854.8,1.870503597122302,0
1,0,1,1,67,0,1,0,2,0,0,0,2,2,2,0,1,50.9,3281.65,1.2909441233140655,0
1,0,0,0,39,1,0,2,1,1,1,1,1,1,1,0,3,19.9,791.15,1.8660287081339715,0
1,0,1,1,54,1,2,0,2,2,0,2,0,0,2,1,1,65.65,3566.7,0.8102025506376593,0
0,0,0,0,1,1,2,1,0,0,0,0,0,0,0,1,2,74.5,74.5,0.013245033112582781,1
0,0,1,1,72,0,1,0,0,2,2,2,2,2,2,1,2,60.0,4264.0,1.180327868852459,0
1,0,0,0,10,1,2,1,2,0,0,0,2,2,0,0,2,98.55,1008.55,0.10045203415369161,0
1,0,1,1,13,1,0,1,0,0,2,0,2,2,0,1,3,96.65,1162.85,0.13312852022529442,0
0,0,0,0,35,1,0,1,0,0,2,2,2,2,1,1,2,99.25,3532.0,0.3491271820448878,0
1,0,1,1,12,0,1,0,0,2,0,2,0,0,0,0,3,35.5,432.25,0.3287671232876712,0
1,0,1,0,31,1,2,1,2,2,0,2,0,0,0,1,1,90.55,2929.75,0.3386127799016931,0
0,0,1,1,53,1,0,1,0,2,2,2,2,2,0,1,0,108.25,5935.1,0.4851258581235698,0
1,0,0,0,1,1,0,2,1,1,1,1,1,1,0,1,3,19.5,19.5,0.04878048780487805,0
1,0,0,0,30,1,0,2,1,1,1,1,1,1,1,0,3,19.7,625.05,1.4492753623188406,0
0,0,0,0,46,1,0,1,0,0,2,0,0,0,0,1,1,74.8,3548.3,0.6068601583113457,0
0,0,1,0,19,1,2,1,0,0,2,0,0,2,0,0,3,89.65,1761.05,0.2095973524544953,0
0,0,1,0,23,1,0,0,0,0,2,2,0,0,0,0,2,54.25,1221.55,0.416289592760181,0
0,1,0,0,15,1,2,0,0,0,0,2,0,0,0,0,1,55.0,757.1,0.26785714285714285,0
1,0,0,0,48,1,0,2,1,1,1,1,1,1,2,0,1,20.15,982.95,2.269503546099291,0
1,0,0,1,25,1,0,1,0,2,0,0,2,2,0,1,2,95.9,2448.75,0.25799793601651183,0
1,0,0,0,52,1,0,1,0,2,2,2,2,2,1,1,0,105.0,5426.85,0.49056603773584906,0
1,0,0,0,12,1,0,1,2,0,2,0,0,0,0,0,0,81.7,858.6,0.14510278113663844,0
0,0,0,0,48,1,2,2,1,1,1,1,1,1,1,0,0,24.55,1203.95,1.8786692759295498,0
0,0,0,0,38,1,0,2,1,1,1,1,1,1,2,0,3,20.05,741.5,1.8052256532066508,0
0,0,0,0,18,0,1,0,0,0,2,2,0,0,0,1,2,35.2,607.3,0.49723756906077343,0
0,0,1,0,45,1,0,0,0,0,2,0,0,0,0,1,1,50.25,2221.55,0.8780487804878049,0
1,0,0,0,12,1,2,1,0,0,2,0,2,0,0,1,2,89.55,1021.75,0.13252346769740475,0
0,1,0,0,66,1,2,1,2,0,0,0,2,2,2,1,0,102.4,6471.85,0.6382978723404255,0
0,0,0,0,72,1,0,2,1,1,1,1,1,1,2,0,1,20.25,1566.9,3.388235294117647,0
0,0,0,0,70,0,1,0,2,2,2,2,0,0,2,1,0,44.6,3058.15,1.5350877192982455,0
0,0,1,0,27,1,2,1,0,0,2,0,0,2,0,0,0,90.15,2423.4,0.29621503017004935,0
1,0,0,0,1,1,0,2,1,1,1,1,1,1,0,0,3,20.0,20.0,0.047619047619047616,0
1,1,1,0,13,1,2,1,0,0,0,0,2,2,0,1,2,95.25,1233.65,0.13506493506493505,0
0,0,1,1,65,1,2,0,2,2,2,2,2,2,2,1,3,90.45,5957.9,0.7107709130672498,0
0,0,1,1,14,1,0,1,0,0,0,0,0,0,0,0,2,70.2,1046.5,0.19662921348314605,0
0,0,1,1,17,1,2,1,0,0,0,0,0,2,0,1,2,85.45,1451.6,0.19664545980335454,0
0,0,0,0,31,1,0,2,1,1,1,1,1,1,1,0,3,20.95,683.25,1.4123006833712985,0
1,0,1,1,24,1,2,2,1,1,1,1,1,1,2,0,3,24.2,609.05,0.9523809523809524,0
0,0,0,0,3,1,0,2,1,1,1,1,1,1,0,0,2,20.2,65.95,0.14150943396226415,0
1,0,0,0,17,1,0,1,0,0,2,0,0,0,0,1,2,76.65,1313.55,0.2189311010946555,0
1,0,0,0,66,1,2,0,2,2,2,2,0,0,2,0,0,68.75,4447.55,0.946236559139785,0
1,0,1,0,45,1,0,0,2,0,2,0,0,0,2,0,1,53.3,2296.25,0.8287292817679558,0
1,0,1,0,35,1,2,1,0,0,0,2,2,0,0,1,1,91.5,3236.35,0.3783783783783784,0
1,0,0,1,40,0,1,0,2,2,0,2,0,0,1,0,3,40.25,1564.05,0.9696969696969697,0
0,0,0,0,10,1,0,1,2,0,0,0,2,0,0,1,3,84.7,832.05,0.11668611435239207,0
0,0,1,0,52,1,0,0,2,0,2,0,2,0,1,1,3,64.3,3410.6,0.7963246554364471,0
0,0,0,0,13,1,0,2,1,1,1,1,1,1,0,0,1,19.45,232.1,0.6356968215158925,0
0,1,0,0,43,1,2,1,0,2,0,0,2,0,0,1,2,90.25,3838.75,0.4712328767123288,0
0,0,0,0,41,1,0,2,1,1,1,1,1,1,0,0,2,20.45,775.6,1.9114219114219115,0
0,1,0,0,52,0,1,0,0,2,2,2,2,0,0,1,2,50.5,2566.3,1.0097087378640777,0
0,0,1,0,71,1,2,0,2,2,2,2,2,2,2,0,1,93.2,6506.15,0.7537154989384288,0
1,0,0,0,61,1,2,1,2,0,2,0,2,2,0,1,2,106.45,6300.15,0.5677059097254537,0
0,0,0,0,26,0,1,0,0,0,2,2,2,0,0,1,1,44.45,1183.8,0.5720572057205721,0
1,0,1,1,72,1,0,0,2,2,0,2,2,0,2,0,0,68.4,4855.35,1.037463976945245,0
0,0,0,0,42,1,2,0,0,0,2,2,2,2,2,1,1,78.45,3373.4,0.5286343612334802,0
0,0,1,1,57,1,2,0,2,2,0,2,0,0,0,0,0,65.2,3687.85,0.8610271903323262,0
1,0,1,1,9,1,0,2,1,1,1,1,1,1,2,0,3,19.6,197.4,0.4368932038834951,0
0,0,0,0,9,1,0,1,0,0,0,0,0,0,0,0,2,71.0,672.55,0.125,0
1,0,1,0,33,1,0,0,0,0,0,0,0,0,0,1,1,44.55,1462.6,0.7244785949506037,0
1,0,0,0,1,1,0,2,1,1,1,1,1,1,0,0,3,19.45,19.45,0.0488997555012225,0
0,0,0,0,7,1,0,1,0,0,0,0,2,0,0,1,2,79.0,522.95,0.0875,0
1,0,0,0,1,1,0,1,0,0,0,0,0,0,0,1,3,71.55,71.55,0.013783597518952447,1
1,0,1,1,65,1,0,2,1,1,1,1,1,1,2,0,3,19.9,1292.6,3.110047846889952,0
1,0,0,0,10,1,2,1,0,0,0,0,2,0,0,1,0,86.05,834.1,0.11487650775416428,0
1,0,1,0,70,1,2,1,0,2,2,0,2,0,1,1,0,95.0,6602.9,0.7291666666666666,0
0,0,0,0,29,1,2,1,0,0,2,0,2,2,0,1,1,98.6,2933.2,0.29116465863453816,0
1,0,1,1,21,1,2,1,0,2,2,0,2,2,0,0,2,104.4,2157.95,0.19924098671726753,0
1,0,1,0,1,1,0,1,0,0,0,0,2,2,0,1,2,90.75,90.75,0.010899182561307902,1
1,0,0,0,5,1,0,2,1,1,1,1,1,1,0,0,3,20.25,109.8,0.23529411764705882,0
1,0,1,0,56,1,0,1,0,0,0,0,2,2,0,0,3,89.7,4952.95,0.61742006615215,0
1,0,0,1,35,1,0,1,0,0,2,0,2,0,1,1,2,85.15,3030.6,0.40626813697040043,0
1,0,1,1,10,1,0,2,1,1,1,1,1,1,1,0,3,20.45,242.4,0.46620046620046623,0
0,0,0,0,31,0,1,0,2,2,0,2,0,2,2,1,0,49.85,1520.1,0.6096361848574238,0
1,1,1,0,37,1,2,1,0,0,0,0,2,0,0,1,2,85.7,3171.15,0.4267589388696655,0
1,1,1,0,57,1,2,1,0,2,2,0,0,2,0,1,0,95.25,5427.05,0.5922077922077922,0
0,0,1,1,34,1,2,2,1,1,1,1,1,1,1,1,1,25.6,917.15,1.2781954887218046,0
0,0,0,0,3,1,0,1,2,0,2,0,2,2,0,1,1,99.0,287.4,0.03,1
0,0,0,0,4,1,0,1,0,0,2,0,0,2,0,1,1,82.85,319.6,0.04770423375074538,1
0,0,0,0,54,1,0,2,1,1,1,1,1,1,2,1,3,20.5,1035.7,2.511627906976744,0
1,0,0,1,6,1,0,2,1,1,1,1,1,1,0,0,3,19.7,111.65,0.2898550724637681,0
1,0,1,0,22,1,0,0,2,0,0,0,2,0,1,1,0,59.75,1374.35,0.36213991769547327,0
1,0,0,0,23,1,2,1,0,0,2,2,2,0,0,1,1,96.9,2085.45,0.23493360572012256,0
0,0,1,0,68,1,2,0,2,0,0,2,0,0,1,0,0,58.25,3975.7,1.1476793248945147,0
0,0,1,1,48,1,0,2,1,1,1,1,1,1,2,0,3,20.0,935.9,2.2857142857142856,0
1,0,1,1,34,1,0,2,1,1,1,1,1,1,0,0,3,20.8,635.9,1.5596330275229358,0
0,0,0,0,41,1,0,0,2,0,2,2,2,2,1,1,0,79.85,3320.75,0.5071119356833643,0
1,0,0,0,9,1,2,1,0,0,0,0,0,0,0,1,2,75.85,724.65,0.11711125569290827,0
0,1,0,0,18,1,2,1,0,2,0,2,2,2,0,1,1,103.6,1806.35,0.17208413001912046,0
1,0,0,0,35,1,2,1,0,0,2,2,2,0,0,0,2,95.5,3418.2,0.3626943005181347,0
1,0,1,1,55,1,0,1,0,2,0,2,0,0,0,0,2,79.4,4238.45,0.6840796019900497,0
1,0,0,0,54,1,2,1,2,2,0,2,2,2,2,1,1,108.0,5760.65,0.4954128440366973,0
0,1,0,0,2,1,2,1,0,0,2,0,0,0,0,1,2,78.55,149.55,0.0251414204902577,1
1,0,1,0,52,1,0,1,2,2,2,2,2,2,2,1,2,106.3,5487.0,0.4846225535880708,0
1,0,0,0,72,1,2,0,2,2,2,2,0,0,2,0,0,69.65,4908.25,1.019108280254777,0
1,0,1,0,9,1,0,0,0,0,2,0,2,2,0,1,3,70.05,564.4,0.1266713581984518,0
0,0,1,1,3,1,0,1,0,0,0,0,0,0,0,1,2,69.55,200.2,0.042523033309709427,0
1,1,0,0,4,1,0,1,2,0,0,0,0,0,0,0,2,75.35,273.4,0.05239030779305829,1
1,0,1,1,69,1,0,0,2,2,2,2,2,0,2,1,0,75.75,5388.15,0.8990228013029316,0
0,0,1,1,67,0,1,0,2,0,0,2,0,0,2,0,1,35.7,2545.7,1.8256130790190734,0
1,0,0,0,4,1,0,1,0,0,0,0,0,2,0,1,2,79.9,324.3,0.049443757725587144,1
1,0,0,0,13,0,1,0,2,0,0,2,2,0,0,1,1,45.55,597.0,0.27926960257787325,0
0,0,1,1,45,1,0,0,2,0,2,2,2,2,2,1,3,81.0,3533.6,0.5487804878048781,0
1,0,0,0,68,1,2,1,2,2,2,0,2,0,1,0,0,101.35,7110.75,0.6643869076697606,0
0,0,1,1,69,1,2,0,2,2,0,2,2,0,1,0,1,73.7,4885.85,0.9236947791164658,0
0,0,0,0,70,0,1,0,2,0,2,2,2,2,2,1,0,58.35,4214.25,1.1794439764111204,0
0,0,0,0,1,1,0,2,1,1,1,1,1,1,0,1,3,19.9,19.9,0.04784688995215311,0
0,0,1,1,45,1,2,2,1,1,1,1,1,1,1,1,1,25.9,1216.6,1.6728624535315986,0
0,0,0,1,37,1,0,2,1,1,1,1,1,1,1,0,0,20.3,755.4,1.7370892018779343,0
0,0,0,1,10,0,1,0,2,2,0,2,0,0,1,0,3,40.25,411.45,0.24242424242424243,0
0,0,0,1,1,1,0,1,0,0,0,0,2,2,0,1,2,89.35,89.35,0.011068068622025458,1
1,0,1,1,29,1,2,0,2,0,0,2,2,0,1,0,0,69.05,1958.45,0.41399000713775874,0
1,1,1,1,72,1,0,1,2,0,2,2,2,2,2,1,1,104.1,7447.7,0.6850618458610848,0
0,0,0,0,2,1,2,1,0,0,0,0,0,0,0,1,2,75.9,143.35,0.02600780234070221,1
1,0,1,0,24,1,0,0,2,0,0,2,0,0,0,0,3,53.6,1315.35,0.43956043956043955,0
0,0,0,0,4,1,0,1,0,0,0,0,0,2,0,1,2,79.15,317.25,0.04990642545227698,1
1,0,1,0,72,1,0,2,1,1,1,1,1,1,2,0,1,19.3,1304.8,3.54679802955665,0
0,0,0,0,11,1,2,1,2,0,0,0,0,0,0,1,0,79.0,929.3,0.1375,0
0,0,0,1,44,1,0,2,1,1,1,1,1,1,2,0,3,19.9,868.1,2.105263157894737,0
1,0,1,1,62,1,0,2,1,1,1,1,1,1,2,0,0,20.45,1297.35,2.8904428904428907,0
1,0,1,1,70,1,2,2,1,1,1,1,1,1,2,0,3,25.4,1782.05,2.651515151515152,0
0,1,0,0,1,0,1,0,0,0,0,0,0,0,0,0,3,25.05,25.05,0.03838771593090211,0
0,0,0,0,4,1,0,1,0,2,2,2,2,2,1,1,2,105.65,443.9,0.03750586029067041,1
0,1,0,0,2,1,2,1,0,0,0,0,2,0,0,1,2,85.55,187.45,0.023108030040439053,1
0,0,0,0,41,1,2,0,0,2,0,0,0,0,1,1,1,56.3,2364.0,0.7155322862129145,0
0,1,0,0,1,1,0,2,1,1,1,1,1,1,0,1,2,19.45,19.45,0.0488997555012225,0
1,1,1,0,72,1,2,0,2,2,2,0,2,2,2,1,1,84.1,5981.65,0.8460634547591069,0
0,0,1,0,63,1,2,1,0,2,2,2,2,2,2,1,0,109.25,6841.4,0.5714285714285714,0
1,0,0,0,68,1,0,1,0,2,2,0,0,0,1,0,1,79.6,5461.45,0.8436724565756825,0
0,1,0,0,59,1,2,1,0,0,2,0,2,2,1,1,2,99.5,5890.0,0.5870646766169154,0
1,1,0,0,52,0,1,0,2,0,0,0,2,2,0,1,1,48.8,2555.05,1.0441767068273093,0
1,1,1,1,26,1,2,1,0,2,2,0,2,2,0,0,2,105.75,2710.25,0.24355971896955503,0
1,0,1,0,66,0,1,0,2,2,2,2,2,0,2,1,0,56.6,3789.2,1.1458333333333333,0
0,1,1,0,56,1,2,1,2,2,2,2,0,0,1,0,2,95.65,5471.75,0.5794102431453698,0
0,0,1,0,72,1,2,0,2,2,2,2,2,0,2,0,1,79.2,5401.9,0.8977556109725685,0
1,1,1,0,2,1,0,1,0,0,0,0,0,0,0,0,2,70.1,141.65,0.028129395218002815,1
1,0,0,0,68,1,2,1,2,2,2,2,2,2,1,1,1,117.2,8035.95,0.5752961082910322,0
1,0,1,1,61,1,0,0,2,2,2,2,2,2,1,0,0,84.9,5264.5,0.7101280558789289,0
1,0,0,0,1,1,0,2,1,1,1,1,1,1,0,0,3,20.05,20.05,0.047505938242280284,0
1,0,0,0,2,1,0,2,1,1,1,1,1,1,0,1,1,19.9,33.7,0.09569377990430622,0
0,0,0,0,2,1,0,2,1,1,1,1,1,1,0,0,3,19.5,31.55,0.0975609756097561,0
1,1,1,1,68,1,2,1,0,2,2,0,0,0,0,1,2,84.65,5683.6,0.7939287799182719,0
1,0,0,0,9,1,0,0,2,0,2,2,0,2,0,1,0,68.25,576.95,0.1299638989169675,0
1,0,0,0,13,1,0,1,0,0,2,0,2,0,0,1,2,83.2,1060.6,0.1543942992874109,0
0,0,0,0,22,1,0,2,1,1,1,1,1,1,0,1,3,20.05,470.2,1.0451306413301662,0
1,0,0,1,66,1,2,2,1,1,1,1,1,1,2,1,1,25.3,1673.8,2.5095057034220534,0
1,0,0,1,8,1,0,2,1,1,1,1,1,1,0,0,3,20.35,178.7,0.37470725995316156,0
1,0,1,1,2,1,0,1,0,0,0,0,0,0,0,0,3,69.95,143.9,0.02818886539816772,0
1,0,1,0,3,1,0,0,0,0,2,2,0,0,0,1,3,55.8,154.55,0.05281690140845071,0
1,0,0,0,5,1,2,1,0,0,2,0,2,0,0,1,2,92.5,452.7,0.053475935828877004,1
1,0,0,0,13,1,0,2,1,1,1,1,1,1,2,0,1,20.0,268.45,0.6190476190476191,0
1,0,1,1,53,1,0,0,0,2,0,2,2,0,0,0,1,65.0,3363.8,0.803030303030303,0
1,0,1,0,3,1,0,2,1,1,1,1,1,1,0,0,0,20.0,49.65,0.14285714285714285,0
1,0,0,0,46,1,2,1,0,2,2,0,2,0,1,1,1,94.9,4422.95,0.47966631908237745,0
0,0,0,0,39,0,1,0,2,2,0,2,0,0,1,1,0,40.3,1630.4,0.9443099273607749,0
0,0,1,1,30,1,2,1,0,2,2,2,2,2,0,1,2,107.5,3242.5,0.2764976958525346,0
0,0,0,0,23,1,2,1,0,2,0,0,2,2,0,1,1,98.7,2249.1,0.23069207622868604,0
1,0,0,1,40,1,0,2,1,1,1,1,1,1,1,1,0,20.4,854.9,1.869158878504673,0
0,0,0,0,45,1,0,0,2,2,0,2,0,0,1,1,1,62.55,2796.45,0.7081038552321007,0
1,0,0,0,53,1,0,2,1,1,1,1,1,1,2,0,0,19.65,978.0,2.566585956416465,0
0,1,1,0,72,1,2,1,2,2,2,0,2,2,2,1,2,112.4,8046.85,0.6349206349206349,0
1,0,1,1,28,1,0,2,1,1,1,1,1,1,2,1,1,20.3,487.95,1.3145539906103285,0
0,0,0,0,49,1,0,0,2,2,2,2,0,0,2,0,0,67.4,3306.85,0.7163742690058479,0
1,0,1,0,1,1,2,1,0,0,0,0,0,0,0,1,0,74.6,74.6,0.013227513227513229,1
0,0,1,0,20,1,0,1,0,0,2,2,0,0,0,1,3,81.0,1683.7,0.24390243902439024,0
0,0,1,1,53,1,0,0,0,0,2,0,0,2,1,0,1,60.6,3297.0,0.8603896103896104,0
1,0,1,0,67,1,0,0,2,2,0,2,0,2,2,1,1,69.2,4671.65,0.9544159544159544,0
1,0,0,0,11,1,0,1,0,0,0,2,0,0,0,1,2,73.85,926.25,0.1469605878423514,0
0,0,1,1,52,1,0,1,0,2,2,2,0,0,0,0,0,85.8,4433.3,0.599078341013825,0
0,0,0,0,1,1,0,1,0,0,0,0,2,2,0,0,2,90.55,90.55,0.010922992900054615,1
0,0,0,0,48,1,0,0,2,2,0,0,0,0,2,0,1,55.5,2627.35,0.8495575221238938,0
0,0,0,0,7,1,2,1,0,0,0,0,0,0,0,0,3,75.45,480.75,0.09156311314584696,0
1,0,1,1,7,1,0,0,2,0,2,2,0,2,0,1,1,71.35,515.75,0.0967519004837595,0
0,0,0,1,12,1,2,1,0,0,0,0,2,0,0,1,2,84.05,966.55,0.14109347442680775,0
1,0,0,0,40,1,2,2,1,1,1,1,1,1,2,1,3,24.6,973.95,1.5625,0
1,0,0,0,55,1,2,0,0,0,2,0,2,2,2,1,0,77.8,4323.35,0.6979695431472082,0
0,0,0,0,20,1,0,2,1,1,1,1,1,1,1,0,3,19.5,403.15,0.975609756097561,0
1,0,0,0,1,0,1,0,0,0,0,0,0,2,0,1,2,35.55,35.55,0.02735978112175103,0
0,0,1,1,72,1,2,0,2,0,2,2,2,2,2,1,0,84.2,5986.55,0.8450704225352113,0
1,0,1,0,63,1,0,1,2,2,2,2,2,2,2,1,1,110.1,6705.7,0.5670567056705671,0
0,0,1,0,70,0,1,0,2,2,2,2,2,2,2,0,0,64.55,4504.9,1.0678871090770405,0
0,0,0,0,8,1,0,0,0,0,2,2,0,2,0,0,3,64.1,504.05,0.12288786482334871,0
0,0,0,0,1,1,0,0,0,0,0,0,0,0,0,1,2,45.65,45.65,0.021436227224008574,0
1,0,0,0,16,1,0,2,1,1,1,1,1,1,2,0,3,19.75,284.35,0.7710843373493976,0
0,0,0,1,11,0,1,0,0,0,0,0,0,0,0,0,2,25.2,321.05,0.41984732824427484,0
1,0,0,0,11,1,0,1,0,2,0,0,0,0,0,0,2,74.95,815.5,0.14483212639894666,0
0,0,0,1,41,1,2,1,0,2,0,0,2,0,0,1,0,88.5,3645.05,0.4581005586592179,0
1,0,0,1,14,1,0,0,2,2,2,2,0,2,2,0,0,76.1,1054.8,0.18158236057068744,0
0,0,0,0,61,1,2,0,0,2,2,2,2,2,2,0,1,88.65,5321.25,0.6804238706079196,0
0,0,0,0,20,1,0,1,2,0,2,0,2,0,0,1,0,89.4,1871.15,0.22123893805309733,0
0,0,0,0,47,1,2,1,0,2,2,0,2,2,0,1,2,106.4,5127.95,0.4376163873370577,0
1,0,1,1,2,1,0,0,2,2,0,2,0,0,2,0,3,59.5,130.5,0.03305785123966942,0
1,0,1,1,41,1,0,0,2,2,2,0,0,0,1,1,0,60.3,2511.3,0.66884176182708,0
0,0,1,0,72,1,2,2,1,1,1,1,1,1,2,1,0,25.25,1841.2,2.742857142857143,0
0,0,1,1,72,1,2,0,2,2,2,2,2,0,2,0,0,80.2,5714.2,0.8866995073891625,0
0,0,0,0,46,1,0,1,2,2,2,0,2,0,1,1,1,95.65,4664.2,0.4759441282979824,0
1,0,0,0,1,1,0,2,1,1,1,1,1,1,0,0,3,19.8,19.8,0.04807692307692307,0
1,0,0,1,29,0,1,0,2,2,2,2,0,0,0,1,3,45.0,1242.45,0.6304347826086957,0
0,0,0,0,37,1,2,1,0,0,2,0,2,2,0,1,2,100.05,3810.55,0.3661553686293914,0
1,0,0,0,19,1,0,0,0,0,0,2,2,0,0,1,1,61.55,1093.2,0.30375699440447645,0
0,0,1,1,49,1,0,0,0,2,2,0,2,2,1,0,1,78.0,3824.2,0.620253164556962,0
1,0,0,1,13,1,0,0,0,0,0,0,0,0,0,0,3,44.0,659.35,0.28888888888888886,0
0,0,0,0,22,1,0,0,2,0,0,0,0,0,0,1,2,49.8,1049.05,0.4330708661417323,0
0,1,0,0,53,1,0,1,2,2,0,2,0,2,1,1,3,96.75,5206.55,0.5421994884910486,0
1,0,0,0,24,1,0,0,2,0,0,0,0,0,0,1,0,49.55,1210.4,0.47477744807121663,0
0,0,0,0,37,1,0,2,1,1,1,1,1,1,2,0,3,19.8,813.3,1.7788461538461537,0
1,0,1,1,6,1,0,0,0,2,2,0,0,0,0,1,3,55.3,324.25,0.10657193605683837,0
0,0,0,0,7,1,2,1,2,0,0,0,0,0,0,1,3,79.65,604.7,0.08679479231246125,0
0,0,1,1,12,1,0,2,1,1,1,1,1,1,1,0,0,19.8,229.6,0.5769230769230769,0
0,0,1,0,71,1,2,2,1,1,1,1,1,1,2,0,0,25.0,1753.0,2.730769230769231,0
1,0,1,1,26,1,2,0,0,0,2,2,2,2,1,1,1,82.0,2083.1,0.3132530120481928,0
0,0,1,0,6,1,0,0,0,0,0,0,0,0,0,0,3,45.65,323.45,0.12861736334405144,0
1,0,0,0,32,1,2,1,2,0,0,2,0,0,0,0,0,87.65,2766.4,0.36097010716300054,0
0,0,1,0,47,1,0,0,0,2,0,0,2,0,0,1,0,58.6,2723.4,0.7885906040268457,0
0,0,1,1,31,1,0,2,1,1,1,1,1,1,2,0,3,21.0,697.7,1.4090909090909092,0
0,0,1,1,52,1,0,1,2,0,2,2,0,0,0,1,0,84.05,4326.8,0.6114050558495003,0
0,0,1,0,60,0,1,0,0,2,2,2,2,2,2,0,1,60.8,3603.45,0.970873786407767,0
0,0,1,0,48,1,0,0,0,2,2,0,0,2,1,1,2,65.65,3094.65,0.7201800450112528,0
1,0,0,0,45,1,0,2,1,1,1,1,1,1,1,0,0,18.85,867.3,2.2670025188916876,0
0,0,0,0,39,1,0,1,0,0,2,2,0,0,2,1,2,80.45,3201.55,0.47882136279926335,0
0,1,0,0,1,1,2,1,0,0,0,0,2,0,0,1,2,85.7,85.7,0.011534025374855825,1
1,0,0,0,1,1,0,1,0,0,0,0,0,0,0,1,2,69.6,69.6,0.0141643059490085,0
0,0,0,0,6,1,2,1,2,0,0,0,0,0,0,1,2,79.05,434.5,0.07495315427857589,0
1,0,0,0,9,1,2,1,0,0,0,0,0,0,0,1,2,76.25,684.85,0.11650485436893204,0
1,0,1,1,72,1,2,1,2,2,2,2,2,2,2,1,1,114.05,8468.2,0.6258148631029987,0
1,1,1,0,71,0,1,0,0,2,2,0,2,2,0,1,0,52.3,3765.05,1.3320825515947468,0
1,0,1,1,71,1,0,2,1,1,1,1,1,1,2,1,0,19.6,1387.45,3.4466019417475726,0
0,0,1,0,64,1,2,1,2,0,2,0,2,0,2,1,1,94.6,5948.7,0.6694560669456068,0
0,0,1,1,28,1,0,2,1,1,1,1,1,1,0,1,0,19.55,543.8,1.362530413625304,0
0,0,1,1,70,1,2,1,2,2,2,2,2,2,2,1,1,115.15,8250.0,0.6026689625484287,0
1,1,0,0,39,1,2,1,0,0,0,0,2,2,0,1,0,95.65,3759.05,0.40351784790481116,0
0,0,1,1,16,1,0,2,1,1,1,1,1,1,0,0,2,20.4,321.4,0.7476635514018692,0
1,1,1,0,66,1,2,1,0,2,2,2,2,2,1,1,2,110.85,7491.75,0.5900759946356728,0
0,1,0,0,21,1,2,1,0,0,0,0,2,2,0,1,0,95.4,2025.1,0.21784232365145226,0
0,0,0,0,44,1,2,1,0,2,2,0,0,0,0,1,0,84.8,3862.55,0.5128205128205129,0
0,1,1,0,54,1,0,1,0,0,2,2,2,2,1,1,2,99.1,5437.1,0.5394605394605395,0
1,0,0,0,4,1,0,0,2,0,2,0,0,0,0,0,2,56.75,245.15,0.06926406926406926,0
0,1,1,0,60,1,0,1,2,2,2,2,2,2,2,1,0,110.0,6668.35,0.5405405405405406,0
1,0,0,0,26,1,2,1,2,2,0,0,2,0,0,1,1,92.4,2349.8,0.278372591006424,0
0,0,1,1,24,1,2,0,2,0,2,0,2,2,2,0,1,78.6,1846.65,0.30150753768844224,0
1,0,1,1,53,1,0,2,1,1,1,1,1,1,2,1,3,19.4,1110.35,2.5980392156862746,0
0,0,1,1,46,1,0,2,1,1,1,1,1,1,2,0,1,19.4,958.15,2.2549019607843137,0
0,0,1,1,56,1,0,1,0,0,0,0,2,2,1,0,0,88.9,4968.0,0.6229143492769744,0
0,0,0,0,7,1,0,0,2,0,0,0,0,2,1,1,2,59.1,369.25,0.11647254575707154,0
0,0,0,0,1,1,2,1,0,0,0,0,0,2,0,0,3,85.8,85.8,0.01152073732718894,1
1,0,0,0,1,1,0,0,0,0,0,0,0,0,0,1,3,45.55,45.55,0.021482277121374866,0
1,0,1,0,60,1,0,2,1,1,1,1,1,1,2,0,3,19.95,1258.15,2.863961813842482,0
1,0,1,0,61,1,0,2,1,1,1,1,1,1,1,1,1,20.55,1252.0,2.830626450116009,0
0,0,1,0,42,0,1,0,0,2,0,2,0,0,1,0,3,33.55,1445.3,1.2156295224312592,0
1,0,0,0,27,1,0,2,1,1,1,1,1,1,2,0,1,19.85,470.0,1.2949640287769784,0
0,0,1,1,9,1,2,1,0,0,0,0,2,0,0,1,0,85.35,754.65,0.10422698320787493,0
0,0,1,0,72,1,0,2,1,1,1,1,1,1,2,0,0,20.05,1423.65,3.4204275534441804,0
0,0,0,0,23,1,0,2,1,1,1,1,1,1,1,1,1,19.65,478.1,1.1138014527845037,0
0,1,0,0,47,1,2,1,0,2,0,2,2,0,0,1,2,95.05,4504.55,0.48932847475273294,0
0,1,1,0,54,1,0,2,1,1,1,1,1,1,2,1,3,18.95,1031.1,2.7067669172932334,0
1,1,1,0,2,1,0,1,0,0,2,0,2,2,0,1,1,95.5,181.65,0.02072538860103627,1
1,0,1,0,38,0,1,0,2,2,0,2,2,2,2,1,0,60.0,2193.2,0.6229508196721312,0
0,1,1,0,47,1,2,1,0,0,2,0,2,2,0,0,2,99.7,4747.2,0.4667328699106256,0
1,0,1,0,22,1,0,0,2,0,0,2,0,0,1,1,1,56.25,1292.2,0.38427947598253276,0
1,0,1,0,2,1,2,1,0,0,2,0,2,0,0,1,2,91.45,171.45,0.02163331530557058,1
0,0,1,1,72,1,2,1,2,0,0,0,0,0,2,0,0,79.05,5730.7,0.8994378513429108,0
1,1,1,0,58,0,1,0,0,2,2,0,0,2,0,1,2,45.3,2651.2,1.2526997840172787,0
1,0,1,1,69,1,2,1,0,0,2,0,0,0,2,1,1,79.2,5420.65,0.8603491271820448,0
1,0,0,0,18,1,2,0,2,0,2,0,2,0,0,0,3,69.5,1199.4,0.2553191489361702,0
0,0,1,1,55,1,0,2,1,1,1,1,1,1,0,0,1,20.0,1087.25,2.619047619047619,0
0,0,0,0,46,1,2,1,0,0,2,0,2,2,1,1,2,101.1,4674.4,0.4505386875612145,0
1,0,0,0,5,1,0,2,1,1,1,1,1,1,0,1,3,19.25,86.05,0.24691358024691357,0
0,0,0,0,4,0,1,0,2,2,0,0,0,0,0,1,2,33.65,137.85,0.11544011544011544,0
1,1,0,0,5,1,0,1,0,0,0,0,2,2,0,1,2,89.5,477.7,0.055248618784530384,1
0,0,1,1,65,1,0,0,2,2,2,0,0,0,1,0,0,61.35,3874.1,1.0425020048115476,0
1,0,0,0,35,1,0,2,1,1,1,1,1,1,2,0,0,21.45,705.45,1.55902004454343,0
0,1,0,0,45,1,2,1,2,2,0,2,2,0,0,1,2,97.05,4385.05,0.45894951555328917,0
0,0,0,0,2,1,0,2,1,1,1,1,1,1,0,0,2,19.9,57.4,0.09569377990430622,0
0,0,1,1,22,1,0,1,0,0,0,0,0,2,0,1,2,80.15,1790.65,0.2711028958718423,0
1,0,1,1,70,1,2,0,2,0,2,0,2,0,2,0,1,68.95,4858.7,1.0007147962830594,0
0,0,1,1,30,1,0,0,2,0,0,2,0,2,0,0,0,66.3,1923.5,0.4457652303120357,0
1,0,0,0,61,1,2,1,2,2,2,0,2,2,1,1,2,107.75,6521.9,0.5609195402298851,0
0,0,0,0,29,1,0,2,1,1,1,1,1,1,1,0,3,20.35,617.35,1.3583138173302107,0
1,0,1,0,61,1,2,1,0,2,2,0,2,2,0,1,2,105.55,6281.45,0.5725011731581418,0
1,0,1,1,25,1,0,1,0,0,0,0,2,2,1,1,2,90.4,2178.6,0.2735229759299781,0
1,0,1,0,71,1,2,1,0,2,2,2,2,2,1,1,0,113.15,7953.25,0.6219886114761278,0
0,0,1,0,1,0,1,0,0,0,0,0,0,2,0,0,2,35.0,35.0,0.027777777777777776,0
0,0,1,1,62,1,2,0,0,0,0,0,2,2,0,1,1,70.45,4300.45,0.867739678096571,0
1,0,1,0,64,1,0,1,2,0,0,0,0,0,0,1,3,73.55,4764.0,0.8584842387659289,0
0,0,1,1,64,1,2,0,2,2,2,2,2,2,2,1,3,90.6,5817.45,0.6986899563318778,0
1,1,1,0,29,1,2,1,0,0,0,0,0,2,0,1,2,84.3,2357.75,0.3399765533411489,0
0,0,0,0,2,1,0,0,2,0,0,0,2,2,0,1,2,70.75,146.9,0.027874564459930314,1
1,0,0,0,1,1,0,2,1,1,1,1,1,1,0,0,0,19.65,19.65,0.04842615012106538,0
1,0,0,0,1,1,0,0,0,2,0,0,0,0,0,0,3,50.65,50.65,0.01936108422071636,0
0,0,1,1,45,1,2,2,1,1,1,1,1,1,2,1,1,24.65,1171.3,1.7543859649122808,0
1,0,0,0,66,1,2,1,2,2,2,2,2,2,1,1,0,114.3,7383.7,0.572419774501301,0
0,0,1,0,54,1,2,1,2,2,0,0,2,2,1,0,0,106.55,5763.3,0.502092050209205,0
0,0,1,1,70,1,0,0,0,2,2,2,2,2,2,1,0,80.4,5717.85,0.8599508599508598,0
1,1,1,0,37,1,2,1,0,0,0,0,2,2,0,1,2,92.5,3473.4,0.39572192513368987,0
1,1,0,0,3,1,0,1,0,0,0,0,2,0,0,1,2,79.9,260.9,0.037082818294190356,1
1,0,0,1,23,1,0,0,0,2,0,2,0,0,0,1,0,55.3,1284.2,0.40852575488454707,0
0,1,1,0,60,1,2,1,0,0,2,0,2,2,1,1,1,100.5,6029.0,0.5911330049261084,0
0,0,0,0,35,0,1,0,0,0,2,2,0,0,0,1,3,33.45,1175.85,1.015965166908563,0
0,0,1,1,27,1,0,1,2,0,0,0,0,0,0,0,3,74.4,1972.35,0.35809018567639256,0
0,0,1,1,24,0,1,0,2,2,2,2,0,2,2,1,3,52.5,1208.15,0.4485981308411215,0
0,1,0,0,2,1,2,1,0,0,0,0,2,2,0,1,2,93.85,170.85,0.021085925144965736,1
1,0,1,0,67,1,0,1,2,2,0,0,0,2,1,1,1,90.6,6056.15,0.7314410480349346,0
1,0,0,0,2,1,0,0,2,0,0,0,0,0,0,1,2,47.8,92.45,0.04098360655737705,0
0,0,0,0,1,1,0,2,1,1,1,1,1,1,0,0,3,20.4,20.4,0.04672897196261683,0
0,0,0,1,1,1,0,1,0,0,0,0,2,0,0,1,2,79.35,79.35,0.012445550715619168,1
0,0,0,0,14,1,2,0,0,2,0,0,0,0,1,1,3,54.25,773.2,0.25339366515837103,0
1,1,0,0,38,1,2,1,0,0,0,0,2,2,0,0,2,94.75,3653.0,0.3968668407310705,0
0,0,0,0,1,1,0,1,0,0,0,0,0,0,0,1,2,70.1,70.1,0.014064697609001408,1
0,0,1,0,2,1,0,1,0,0,0,0,0,0,0,1,1,70.4,154.8,0.028011204481792715,1
0,0,0,0,12,1,2,1,2,0,0,0,0,0,0,1,2,78.95,927.35,0.15009380863039398,0
1,0,1,1,31,1,2,1,2,0,2,0,2,0,1,0,0,98.05,3082.1,0.3129732458354367,0
1,0,0,1,35,1,0,0,0,0,0,2,2,2,1,1,3,72.1,2495.15,0.478796169630643,0
1,1,1,0,72,1,2,1,2,2,2,0,2,2,2,1,0,109.55,7920.7,0.6512890094979648,0
0,0,1,1,8,1,0,1,0,0,2,0,2,2,0,1,2,94.2,777.3,0.08403361344537814,0
1,0,1,0,10,1,2,1,0,0,2,0,2,2,0,1,2,98.5,1037.75,0.10050251256281408,0
0,1,0,0,5,1,0,1,0,0,0,0,0,0,0,1,3,69.05,318.5,0.07137758743754462,0
1,0,1,1,63,1,2,0,2,2,2,0,2,2,2,0,1,83.5,5435.0,0.7455621301775148,0
0,0,1,0,71,1,2,2,1,1,1,1,1,1,2,0,1,25.6,1888.25,2.669172932330827,0
0,1,0,0,46,1,2,1,0,2,2,0,2,2,0,1,2,104.45,4863.85,0.4362256993835941,0
0,0,1,1,52,1,2,2,1,1,1,1,1,1,2,0,3,23.05,1255.1,2.1621621621621623,0
1,0,0,0,1,1,0,0,0,0,0,0,0,0,0,0,3,46.3,46.3,0.021141649048625793,0
1,0,0,0,1,1,0,1,0,0,0,0,0,2,0,0,2,79.6,79.6,0.01240694789081886,1
0,0,0,0,72,1,2,1,2,2,2,2,2,2,2,1,1,112.75,8192.6,0.6329670329670329,0
0,0,0,0,3,1,0,1,0,2,0,0,2,0,0,0,2,83.75,247.25,0.035398230088495575,1
1,0,1,0,28,1,0,0,2,2,0,2,0,0,0,0,3,60.9,1785.65,0.45234248788368336,0
0,0,1,1,39,1,0,0,2,0,0,0,0,0,0,0,1,51.05,2066.0,0.7492795389048992,0
0,0,0,0,33,1,2,2,1,1,1,1,1,1,2,0,1,25.7,826.1,1.2359550561797754,0
0,0,0,0,12,0,1,0,0,2,2,2,2,2,1,0,2,60.65,743.3,0.19464720194647203,0
1,0,1,1,1,1,2,1,0,0,0,0,0,0,0,1,2,74.5,74.5,0.013245033112582781,1
1,0,0,0,6,1,0,0,2,0,2,2,2,2,0,0,1,78.65,483.3,0.07532956685499058,0
1,0,0,0,3,1,0,1,2,0,0,0,0,2,0,1,3,86.05,244.85,0.03446295232624928,1
1,0,0,0,4,1,0,1,0,0,0,0,2,2,0,1,2,88.45,370.65,0.044717719396310786,1
1,0,1,1,34,1,0,1,0,2,2,0,2,0,0,1,2,89.85,3091.75,0.3742432581177766,0
1,0,0,0,1,1,0,2,1,1,1,1,1,1,0,0,3,19.95,19.95,0.0477326968973747,0
0,1,0,0,15,1,0,1,2,0,2,2,0,2,0,1,3,96.3,1426.75,0.15416238437821173,0
1,0,0,1,1,0,1,0,0,0,0,0,0,0,0,0,2,24.75,24.75,0.038834951456310676,0
0,0,0,0,3,1,2,0,0,0,0,0,0,0,0,1,3,50.65,151.3,0.05808325266214908,0
1,0,0,0,1,1,0,2,1,1,1,1,1,1,0,1,3,20.1,20.1,0.04739336492890995,0
0,0,0,0,3,1,0,2,1,1,1,1,1,1,1,0,3,20.25,71.2,0.1411764705882353,0
0,0,1,1,30,1,0,0,0,2,2,2,2,2,2,0,0,80.8,2369.3,0.36674816625916873,0
0,0,0,0,5,1,0,0,2,0,0,2,0,0,0,0,1,53.85,259.8,0.09115770282588878,0
1,1,0,0,68,1,0,2,1,1,1,1,1,1,2,1,1,20.0,1396.0,3.238095238095238,0
0,0,0,0,1,1,0,2,1,1,1,1,1,1,0,0,3,20.35,20.35,0.046838407494145196,0
0,0,0,0,5,1,0,1,0,0,0,0,0,2,0,1,2,80.0,412.5,0.06172839506172839,1
0,0,0,0,1,1,0,1,0,0,0,0,0,0,0,0,3,71.1,71.1,0.013869625520110958,1
1,0,1,1,13,1,0,2,1,1,1,1,1,1,1,0,3,20.0,218.55,0.6190476190476191,0
0,0,0,0,35,1,2,1,0,0,0,2,0,0,0,0,1,80.05,2835.9,0.431832202344232,0
1,0,1,1,4,1,0,1,0,0,0,0,0,0,0,1,3,69.55,284.9,0.05669737774627924,0
1,0,0,0,9,0,1,0,0,0,0,0,0,0,0,1,2,24.95,190.25,0.3468208092485549,0
0,1,0,0,45,1,0,1,2,2,0,2,0,0,0,1,0,85.7,3778.1,0.5190311418685121,0
0,0,1,0,21,0,1,0,2,0,0,0,0,0,0,0,2,28.5,629.35,0.711864406779661,0
0,0,0,0,26,1,0,1,0,0,0,0,2,2,0,1,0,88.8,2274.35,0.289532293986637,0
0,0,0,0,1,1,2,1,0,0,0,0,0,2,0,1,2,85.0,85.0,0.011627906976744186,1
0,1,0,0,2,1,2,1,0,0,2,0,0,2,0,1,2,88.55,179.25,0.02233389168062535,1
0,0,0,0,11,1,0,0,0,0,0,2,2,2,0,0,3,70.5,829.3,0.15384615384615385,0
0,0,1,0,59,1,2,1,2,2,2,0,2,2,1,1,1,109.15,6557.75,0.5356332274171584,0
0,0,1,0,31,1,0,1,0,2,0,0,0,2,0,1,0,83.85,2674.15,0.36535061873895114,0
0,0,1,1,54,1,2,2,1,1,1,1,1,1,1,1,0,24.75,1342.15,2.0970873786407767,0
0,0,0,1,16,1,0,2,1,1,1,1,1,1,1,1,0,19.3,360.35,0.7881773399014778,0
1,1,0,0,9,1,2,0,2,0,0,0,0,0,0,0,2,54.55,494.05,0.16201620162016203,0
0,0,0,0,21,1,2,1,0,0,0,0,2,2,0,1,2,97.35,2119.5,0.21352313167259787,0
1,0,0,0,1,1,0,2,1,1,1,1,1,1,0,0,1,20.75,20.75,0.04597701149425287,0
0,0,0,0,23,1,2,0,2,0,0,0,0,0,0,0,2,54.4,1249.25,0.4151624548736462,0
1,1,1,0,7,1,2,1,0,0,0,0,0,0,0,1,3,74.4,527.9,0.09283819628647214,0
1,0,0,0,21,1,2,1,2,0,2,0,2,2,0,0,3,103.85,2215.0,0.20028612303290416,0
0,0,1,0,65,1,2,1,0,2,2,2,2,2,2,1,0,107.65,7082.85,0.5982512655315232,0
1,0,0,0,4,0,1,0,0,0,0,0,2,2,0,1,2,44.55,174.3,0.08781558726673985,0
1,0,1,1,72,1,0,1,2,2,2,2,2,2,2,0,0,111.95,8033.1,0.6374501992031872,0
1,1,1,0,68,0,1,0,2,2,2,0,0,0,2,1,2,41.95,2965.75,1.5832363213038416,0
0,0,1,1,67,1,0,1,2,2,2,0,0,0,1,0,0,84.8,5598.3,0.7808857808857809,0
1,0,0,0,1,1,0,1,0,0,0,0,0,2,0,1,2,79.25,79.25,0.012461059190031152,1
0,0,1,0,69,1,0,1,0,2,0,0,2,2,1,1,1,95.65,6744.2,0.7139161924469736,0
1,0,0,0,60,1,2,1,0,2,0,0,2,0,0,1,0,89.9,5450.7,0.6600660066006601,0
1,0,0,0,3,1,0,1,0,0,2,2,2,0,0,1,3,88.35,262.05,0.033575825405707894,1
1,0,1,1,63,0,1,0,2,2,2,0,2,2,2,0,2,59.0,3707.6,1.05,0
1,0,1,1,71,1,2,0,2,2,2,2,2,2,2,1,3,91.25,6589.6,0.7696476964769647,0
0,0,0,0,35,1,2,0,2,0,2,2,2,2,1,1,1,85.95,3110.1,0.4025301897642323,0
0,0,0,0,34,1,0,1,0,0,0,0,0,0,0,1,1,70.0,2416.1,0.4788732394366197,0
1,0,1,1,53,1,0,0,2,2,0,2,2,0,2,1,3,69.7,3729.6,0.7496463932107497,0
1,0,1,0,17,0,1,0,2,0,2,0,0,0,0,0,3,34.4,592.75,0.480225988700565,0
0,0,0,1,1,1,0,0,2,2,0,2,0,0,0,1,2,60.0,60.0,0.01639344262295082,0
1,0,1,0,56,1,0,1,0,0,0,0,0,2,1,1,2,80.9,4557.5,0.6837606837606837,0
1,0,1,1,7,1,0,0,2,0,0,0,0,0,1,1,2,49.75,331.3,0.13793103448275862,0
1,0,1,0,67,1,2,1,0,2,2,2,2,2,2,1,0,111.3,7567.2,0.5966162065894924,0
1,0,0,0,11,1,0,0,0,2,2,2,0,0,0,1,2,60.9,688.5,0.1777059773828756,0
1,0,0,1,1,1,0,2,1,1,1,1,1,1,0,1,3,20.25,20.25,0.047058823529411764,0
1,0,0,0,2,1,2,2,1,1,1,1,1,1,0,0,3,24.85,62.0,0.07736943907156672,0
0,0,1,0,69,1,2,1,0,0,2,2,2,2,2,0,0,105.35,7240.65,0.6488011283497884,0
1,0,0,0,1,1,0,1,0,0,0,0,2,0,0,1,2,79.95,79.95,0.012353304508956145,1
0,0,0,0,21,1,0,1,0,2,2,0,0,2,0,1,2,90.05,1862.9,0.23064250411861614,0
1,1,1,0,72,1,2,1,0,2,0,0,2,2,1,1,1,97.25,7133.1,0.732824427480916,0
0,1,0,0,2,1,2,1,0,0,0,0,0,2,0,1,2,84.05,186.05,0.023515579071134628,1
1,0,0,0,57,1,0,2,1,1,1,1,1,1,2,0,3,20.75,1118.8,2.6206896551724137,0
1,0,0,0,1,1,0,1,0,0,0,0,2,2,0,1,2,89.55,89.55,0.011043622308117063,1
1,0,1,0,4,1,0,1,0,0,2,2,0,0,0,1,3,80.6,319.15,0.04901960784313726,1
0,0,0,0,2,1,0,2,1,1,1,1,1,1,0,0,3,19.4,61.05,0.09803921568627452,0
0,0,0,0,9,1,2,1,0,0,0,0,0,0,0,1,2,76.85,663.55,0.11560693641618498,0
0,0,0,0,71,1,2,1,2,2,2,2,2,2,2,0,3,111.3,7985.9,0.6322350845948352,0
0,0,1,1,13,1,0,2,1,1,1,1,1,1,0,0,3,18.8,251.25,0.6565656565656566,0
1,0,1,1,50,1,0,0,0,0,0,0,0,0,1,1,0,44.8,2230.85,1.091703056768559,0
1,1,1,0,10,1,2,1,0,0,2,0,0,2,0,1,2,89.8,914.3,0.11013215859030838,0
1,1,1,0,64,1,2,1,0,2,2,0,0,2,0,1,2,94.25,6081.4,0.6719160104986877,0
0,0,1,1,1,1,0,1,0,0,0,0,0,0,0,1,2,69.8,69.8,0.014124293785310734,0
1,0,0,0,2,0,1,0,0,0,0,0,0,0,0,1,1,24.9,49.7,0.07722007722007722,0
0,0,0,0,30,1,2,1,0,2,2,2,2,2,1,0,1,110.45,3327.05,0.2691790040376851,0
1,0,0,0,7,1,2,1,0,0,2,0,2,0,0,1,2,90.45,593.45,0.07654455986878075,0
1,0,0,0,26,1,0,2,1,1,1,1,1,1,1,0,3,19.4,525.55,1.2745098039215688,0
1,0,0,0,20,1,0,0,0,0,0,2,0,0,0,0,3,50.0,1003.05,0.39215686274509803,0
0,0,1,0,72,1,2,2,1,1,1,1,1,1,2,1,3,26.0,1776.0,2.6666666666666665,0
0,0,1,1,13,1,0,0,0,0,0,0,0,2,0,0,2,55.95,734.35,0.228270412642669,0
1,0,1,0,70,1,0,1,2,2,0,2,0,0,2,0,0,84.6,5706.2,0.8177570093457944,0
1,0,0,0,3,0,1,0,0,0,0,2,0,0,0,1,2,29.75,96.85,0.0975609756097561,0
1,0,0,0,2,1,2,1,0,0,0,0,0,0,0,1,2,76.5,162.45,0.025806451612903226,1
0,1,1,0,72,1,2,1,2,2,2,2,2,2,2,1,1,115.75,8443.7,0.6167023554603854,0
1,1,0,0,33,1,2,1,0,2,2,0,0,0,0,1,1,83.85,2716.3,0.3889216263995286,0
1,1,0,0,15,1,0,1,0,2,0,0,0,0,0,1,2,74.4,1074.3,0.1989389920424403,0
1,0,0,0,1,0,1,0,0,0,0,2,0,0,0,0,3,29.15,29.15,0.03316749585406302,0
1,1,0,0,55,1,2,1,2,0,0,0,2,2,0,1,2,98.8,5617.75,0.5511022044088176,0
1,0,1,1,5,1,2,0,2,2,0,2,0,0,0,0,1,64.4,316.9,0.0764525993883792,0
1,0,1,0,3,1,2,1,0,0,0,2,0,0,0,1,0,79.65,251.75,0.037197768133911964,1
0,0,0,0,65,1,2,1,2,2,0,2,0,0,1,1,2,89.85,5844.65,0.7154650522839846,0
1,0,1,1,39,1,0,0,2,2,2,0,0,0,1,0,2,59.8,2343.85,0.6414473684210527,0
1,0,1,0,70,1,2,2,1,1,1,1,1,1,2,0,0,25.15,1940.85,2.676864244741874,0
1,0,0,0,34,1,2,1,2,2,2,2,2,2,1,0,1,116.25,3899.05,0.2899786780383795,0
1,0,1,0,30,1,2,0,0,0,0,0,0,0,0,0,2,49.9,1441.95,0.5893909626719057,0
0,0,1,0,12,0,1,0,0,0,2,0,2,2,0,1,0,49.85,617.15,0.2359882005899705,0
1,0,0,1,9,1,0,2,1,1,1,1,1,1,1,0,3,20.1,190.25,0.42654028436018954,0
0,0,1,0,49,0,1,0,0,2,0,2,2,2,1,1,1,56.3,2780.6,0.8551483420593369,0
0,0,1,0,7,1,0,0,0,0,0,0,0,0,0,1,3,44.25,313.45,0.15469613259668508,0
0,1,1,0,38,1,0,1,2,0,0,0,0,2,0,1,2,83.45,3147.15,0.4499703966844286,0
1,0,0,0,63,1,0,1,2,2,2,2,2,2,2,0,1,109.2,7049.75,0.5716878402903811,0
1,1,0,0,1,1,0,1,0,0,0,0,0,0,0,1,2,71.65,71.65,0.013764624913971093,1
1,0,0,0,30,1,2,1,0,0,0,2,0,2,0,1,1,89.9,2723.15,0.33003300330033003,0
0,0,0,0,23,1,2,0,0,0,0,2,2,2,1,1,3,73.75,1756.6,0.3076923076923077,0
0,0,0,0,57,1,0,0,0,2,2,2,2,0,2,0,3,69.75,3894.4,0.8056537102473498,0
0,1,1,0,70,1,2,1,0,0,0,0,0,0,2,1,1,75.65,5411.4,0.91324200913242,0
1,0,0,1,71,1,2,1,2,0,2,0,2,2,2,0,0,106.7,7382.25,0.659238625812442,0
1,0,1,1,20,1,0,0,0,0,2,0,0,0,0,1,2,49.6,939.8,0.3952569169960474,0
0,0,1,1,72,1,2,2,1,1,1,1,1,1,2,0,0,25.2,1787.35,2.7480916030534353,0
1,0,0,0,22,1,0,1,0,0,0,0,0,0,0,1,3,69.7,1490.4,0.31117397454031115,0
1,0,0,0,15,1,2,2,1,1,1,1,1,1,0,1,2,26.35,378.6,0.5484460694698354,0
0,0,1,0,9,0,1,0,0,0,2,0,2,2,0,1,2,48.75,442.2,0.18090452261306533,0
0,0,1,0,38,1,2,1,0,0,2,2,2,2,0,1,2,105.0,4026.4,0.3584905660377358,0
1,1,1,0,7,0,1,0,2,0,0,0,0,0,0,0,0,29.8,220.45,0.22727272727272727,0
0,0,1,0,26,1,0,0,0,2,0,2,2,2,0,1,2,73.05,1959.5,0.3511141120864281,0
0,0,0,0,56,1,0,0,2,0,2,2,0,0,1,1,1,60.25,3282.75,0.9142857142857143,0
0,0,1,0,49,1,0,2,1,1,1,1,1,1,1,1,0,20.05,923.1,2.3277909738717337,0
0,0,0,0,3,1,0,1,0,0,0,0,0,0,0,1,2,70.25,229.7,0.042105263157894736,1
1,1,1,0,1,1,2,1,0,0,0,0,0,0,0,1,2,74.4,74.4,0.01326259946949602,1
0,1,1,0,70,1,0,2,1,1,1,1,1,1,2,1,1,19.55,1462.05,3.40632603406326,0
0,0,0,0,23,1,0,0,0,2,2,0,0,0,1,0,0,55.8,1327.85,0.40492957746478875,0
0,0,0,0,65,1,0,0,2,2,0,2,0,0,2,1,3,59.6,3739.8,1.0726072607260726,0
1,1,1,0,69,1,2,1,0,2,2,2,2,2,2,1,0,108.4,7318.2,0.6307129798903107,0
0,0,0,0,1,1,0,0,0,0,0,0,0,2,0,1,2,55.4,55.4,0.01773049645390071,0
1,0,0,0,24,1,0,1,0,0,0,0,2,2,0,1,2,90.35,2238.5,0.2627257799671593,0
0,0,1,0,25,1,0,1,0,0,0,2,2,2,0,1,2,95.15,2395.7,0.26001040041601664,0
0,0,0,0,17,1,0,2,1,1,1,1,1,1,1,0,0,19.9,323.15,0.8133971291866029,0
1,0,1,0,32,1,0,0,2,2,0,2,0,2,1,0,3,70.5,2201.75,0.44755244755244755,0
1,0,1,1,68,1,0,2,1,1,1,1,1,1,2,0,0,19.95,1377.7,3.24582338902148,0
0,0,1,1,70,1,0,2,1,1,1,1,1,1,2,1,1,20.15,1411.2,3.3096926713947994,0
1,0,1,1,54,1,2,1,0,2,0,2,2,2,1,1,2,105.2,5637.85,0.5084745762711864,0
0,0,0,0,15,1,0,2,1,1,1,1,1,1,0,0,0,19.4,289.3,0.7352941176470589,0
1,0,1,1,71,1,2,0,2,2,0,2,0,0,1,1,1,66.85,4748.7,1.0464259395725868,0
1,0,1,0,70,1,0,2,1,1,1,1,1,1,2,0,1,19.85,1433.8,3.3573141486810547,0
0,1,1,0,53,1,2,1,0,0,0,0,2,2,1,1,1,95.85,5016.25,0.5472379969024265,0
0,0,1,0,2,1,0,1,2,0,0,2,0,0,0,1,2,80.15,194.55,0.024645717806531114,1
0,1,0,0,59,1,2,1,0,2,0,0,0,0,2,1,1,79.2,4590.35,0.7356608478802992,0
0,0,0,0,22,1,2,1,0,0,0,0,2,0,0,1,0,84.15,1821.95,0.2583675866118614,0
0,0,1,1,22,1,2,1,0,0,0,0,0,0,0,1,0,75.8,1615.1,0.28645833333333337,0
0,0,1,0,57,0,1,0,2,0,2,2,0,2,0,1,0,49.9,2782.4,1.119842829076621,0
0,0,0,0,1,1,0,1,0,0,0,0,0,0,0,0,2,71.35,71.35,0.013821700069108501,1
0,0,1,1,10,1,2,1,0,2,2,0,2,2,0,1,1,102.1,1068.85,0.09699321047526674,0
0,1,1,0,55,1,2,0,0,0,0,0,0,0,0,0,0,51.65,2838.55,1.0446343779677114,0
0,0,1,1,43,1,2,2,1,1,1,1,1,1,1,1,0,24.45,993.15,1.6895874263261297,0
0,1,1,0,18,0,1,0,0,0,2,0,2,2,0,1,2,48.35,810.7,0.364741641337386,0
0,0,0,1,2,1,2,1,2,0,0,0,0,0,0,0,1,80.55,188.1,0.024524831391784182,1
0,0,1,1,52,1,2,2,1,1,1,1,1,1,2,1,0,25.05,1270.25,1.9961612284069097,0
1,0,1,0,60,1,0,0,2,2,0,2,0,0,2,1,3,61.35,3766.2,0.9623095429029671,0
0,0,0,0,59,1,2,1,0,2,2,0,0,0,0,1,2,83.25,4949.1,0.7002967359050445,0
0,0,0,0,69,1,2,1,0,0,2,2,2,2,2,0,2,104.0,7028.5,0.6571428571428571,0
1,0,0,0,14,1,2,1,0,2,0,0,2,2,0,1,2,100.55,1415.55,0.137863121614968,0
0,0,1,1,43,0,1,0,2,0,2,2,2,2,1,1,1,60.4,2640.55,0.7003257328990228,0
0,0,1,1,12,1,0,2,1,1,1,1,1,1,0,0,0,19.4,198.1,0.5882352941176471,0
0,0,1,1,8,1,0,2,1,1,1,1,1,1,2,0,3,19.5,162.15,0.3902439024390244,0
0,0,1,1,3,1,2,0,0,2,2,0,2,0,0,1,0,69.15,235.0,0.04276550249465431,0
1,0,1,1,58,1,2,1,0,0,2,2,2,2,1,1,0,105.05,6004.85,0.5469118340405469,0
0,0,1,1,13,1,0,0,2,0,2,0,0,2,0,1,3,63.15,816.8,0.20265003897116132,0
1,0,0,0,23,1,0,2,1,1,1,1,1,1,1,0,0,20.15,405.6,1.0874704491725768,0
0,0,1,0,17,1,2,1,2,0,0,0,0,0,0,0,2,78.9,1348.95,0.21276595744680848,0
1,0,0,0,52,1,2,1,2,0,2,2,2,2,2,1,2,109.3,5731.4,0.471441523118767,0
1,0,1,0,32,1,2,1,0,0,2,0,0,0,0,1,2,78.9,2447.95,0.4005006257822278,0
0,0,0,0,36,0,1,0,0,2,0,2,0,0,0,1,0,34.85,1267.2,1.00418410041841,0
1,1,0,0,67,1,2,2,1,1,1,1,1,1,2,0,1,25.1,1672.15,2.5670498084291187,0
1,1,1,1,29,1,2,1,0,0,2,0,2,2,0,1,2,103.95,2964.8,0.27632205812291566,0
0,0,0,0,65,1,2,1,2,2,2,0,2,2,0,1,1,111.05,7107.0,0.5800981704596162,0
1,1,1,0,41,1,2,1,2,0,2,0,0,0,0,1,0,83.75,3273.55,0.4837758112094395,0
1,0,1,1,60,1,0,0,2,2,2,2,0,0,1,1,0,65.85,3928.3,0.8975317875841436,0
0,0,0,0,53,1,0,2,1,1,1,1,1,1,2,0,1,19.85,1049.6,2.541966426858513,0
0,0,1,0,68,1,2,2,1,1,1,1,1,1,2,1,1,24.95,1614.9,2.6204238921001926,0
1,1,0,0,2,1,0,1,0,2,0,0,0,0,0,1,2,74.7,165.4,0.02642007926023778,1
1,0,1,1,61,0,1,0,2,0,2,0,0,0,0,0,0,33.6,2117.2,1.7630057803468207,0
1,0,1,1,41,1,0,2,1,1,1,1,1,1,2,1,3,20.0,879.8,1.9523809523809523,0
1,1,0,0,69,1,2,0,2,0,2,2,0,2,2,0,1,74.1,5031.0,0.918774966711052,0
1,1,1,1,35,1,0,0,0,2,0,2,2,2,0,1,2,76.05,2747.2,0.45425048669695006,0
1,0,0,0,7,1,0,0,2,0,0,0,0,0,0,1,3,51.0,354.05,0.1346153846153846,0
0,1,1,0,50,1,2,2,1,1,1,1,1,1,1,0,2,25.2,1306.3,1.9083969465648856,0
1,0,1,1,36,1,0,0,2,0,2,0,0,2,1,1,1,63.7,2188.5,0.5564142194744977,0
0,0,1,0,48,1,0,1,0,0,2,2,2,2,0,1,1,100.05,4834.0,0.47501237011380504,0
0,0,1,0,71,1,0,0,2,0,2,2,2,2,2,0,0,81.85,5924.4,0.8569704284852143,0
1,1,0,0,65,1,2,1,2,0,2,2,2,2,2,1,2,109.05,7108.2,0.5906406179009541,0
0,0,0,0,23,1,2,1,0,0,0,0,2,2,0,1,2,93.5,2341.55,0.24338624338624337,0
0,1,0,0,66,1,2,0,2,2,0,2,0,0,1,1,1,63.85,4174.35,1.017733230531997,0
0,0,1,1,5,0,1,0,0,0,0,0,0,0,0,0,3,25.05,125.5,0.19193857965451055,0
1,1,1,0,72,1,2,1,2,2,2,2,2,2,0,1,1,112.9,8061.5,0.6321334503950834,0
0,0,0,0,2,1,0,2,1,1,1,1,1,1,0,0,3,20.35,45.3,0.09367681498829039,0
0,0,0,0,12,1,0,2,1,1,1,1,1,1,0,0,3,19.45,246.25,0.58679706601467,0
1,0,0,1,3,1,2,1,0,0,2,0,0,2,0,0,2,91.85,257.05,0.03231017770597738,1
1,0,0,0,72,1,2,0,0,2,2,2,2,2,2,1,0,88.6,6201.95,0.8035714285714286,0
1,1,1,0,18,1,0,0,2,0,0,0,0,2,0,1,1,59.1,1011.05,0.2995008319467554,0
1,0,0,0,39,1,2,0,0,0,0,2,0,0,2,1,1,53.85,2200.7,0.7110300820419325,0
0,1,0,0,26,1,0,1,2,0,0,0,2,0,0,1,1,85.8,2193.65,0.2995391705069125,0
0,0,1,0,72,1,2,0,2,2,0,2,0,0,2,0,0,64.75,4804.75,1.0950570342205324,0
1,0,1,0,3,1,2,2,1,1,1,1,1,1,0,1,3,23.6,89.05,0.12195121951219512,0
1,0,0,0,1,1,2,0,0,0,0,0,2,0,0,1,2,59.85,59.85,0.016433853738701727,0
0,0,1,1,34,1,2,1,0,0,2,0,2,0,0,0,2,87.45,2874.15,0.3843979649519502,0
0,0,0,0,11,1,0,1,2,0,0,0,0,0,0,0,2,76.4,838.7,0.1421188630490956,0
1,0,0,0,66,1,0,2,1,1,1,1,1,1,2,0,0,19.7,1253.8,3.1884057971014492,0
0,0,0,0,2,1,2,1,0,0,2,0,0,0,0,0,3,80.6,155.8,0.02450980392156863,1
0,0,0,0,8,1,0,0,2,0,0,2,0,2,0,0,0,66.05,574.5,0.11931394481730052,0
0,0,0,0,33,1,0,1,0,0,0,0,0,0,0,1,0,70.4,2406.1,0.4621848739495798,0
0,0,1,0,72,1,2,2,1,1,1,1,1,1,2,0,0,25.65,1887.0,2.701688555347092,0
0,0,1,0,58,1,2,0,0,2,0,2,0,0,2,1,1,59.9,3505.1,0.9523809523809524,0
1,0,1,1,30,1,2,1,0,2,0,2,0,0,0,1,0,83.55,2570.2,0.35481963335304556,0
1,0,1,0,5,0,1,0,0,0,0,0,0,0,0,1,2,24.95,100.4,0.1926782273603083,0
0,1,1,1,46,1,2,1,2,2,0,2,2,2,0,1,2,110.2,4972.1,0.4136690647482014,0
1,0,1,0,4,1,0,1,0,0,0,0,0,0,0,0,2,70.5,294.2,0.055944055944055944,1
0,0,0,0,40,1,0,0,2,2,0,0,2,0,0,0,3,65.1,2586.0,0.6051437216338881,0
1,0,0,0,72,1,2,0,2,0,2,2,2,2,2,0,1,84.3,5997.1,0.8440797186400938,0
1,0,1,1,49,1,2,1,0,0,2,0,2,2,0,1,2,99.8,4872.45,0.4861111111111111,0
0,0,0,0,1,1,0,0,2,2,0,0,0,0,0,1,2,54.9,54.9,0.017889087656529516,0
1,0,0,0,52,1,0,1,0,2,0,0,0,2,0,1,2,85.35,4338.6,0.6022003474232774,0
0,0,1,1,72,1,0,2,1,1,1,1,1,1,2,1,1,20.1,1326.25,3.4123222748815163,0
0,1,1,1,28,0,1,0,0,2,0,0,0,2,1,1,2,39.1,1096.6,0.6982543640897755,0
1,0,1,0,33,1,0,1,0,0,0,0,2,2,0,0,2,91.25,2964.05,0.35772357723577236,0
0,0,0,1,10,1,2,0,2,0,2,2,0,2,1,0,1,73.55,693.3,0.1341381623071764,0
0,0,0,0,16,1,0,1,0,2,2,0,0,2,0,1,1,93.2,1573.7,0.16985138004246284,0
0,0,1,1,22,1,0,0,0,2,0,0,2,2,1,1,0,69.5,1498.2,0.3120567375886525,0
0,0,0,0,58,1,2,2,1,1,1,1,1,1,2,1,1,24.7,1519.0,2.2568093385214008,0
1,0,1,0,72,1,2,1,0,2,2,2,2,2,2,1,1,109.75,7758.9,0.6501128668171557,0
1,0,0,0,10,1,2,0,2,0,0,0,0,0,0,1,1,54.5,568.2,0.18018018018018017,0
0,0,0,0,5,1,0,2,1,1,1,1,1,1,0,1,1,19.65,92.05,0.2421307506053269,0
0,0,1,0,2,1,0,1,0,0,0,0,0,0,0,1,2,70.7,141.45,0.02789400278940028,1
0,0,0,0,2,1,0,1,0,0,0,0,0,0,0,1,2,70.95,137.95,0.02779708130646282,1
0,0,0,0,2,1,2,0,0,0,0,2,0,0,0,1,3,54.35,117.05,0.036133694670280034,0
0,0,1,1,53,1,2,1,2,2,2,2,0,2,2,1,0,104.05,5566.4,0.504521656354117,0
1,1,0,0,25,1,2,1,0,2,0,0,2,0,0,1,2,88.95,2291.2,0.27793218454697055,0
0,0,1,1,64,1,2,1,2,2,2,2,2,2,1,0,2,113.35,7222.75,0.5596851770878881,0
0,0,0,0,2,1,0,0,0,0,0,0,0,0,0,0,2,45.55,84.4,0.04296455424274973,0
1,0,0,1,16,1,2,0,2,2,0,0,0,2,0,1,2,69.1,1083.7,0.2282453637660485,0
0,0,0,0,39,1,0,0,2,0,0,0,0,0,1,1,2,47.85,1886.4,0.7983623336745138,0
1,0,0,0,35,1,2,2,1,1,1,1,1,1,0,1,2,25.6,901.25,1.3157894736842104,0
0,0,0,0,31,1,2,1,0,0,0,0,0,0,0,1,2,76.05,2227.8,0.4023361453601558,0
0,0,0,0,5,1,0,0,2,0,0,2,0,0,0,0,2,54.2,308.25,0.09057971014492754,0
1,1,1,0,72,1,2,1,0,2,2,2,2,2,2,1,0,111.65,8022.85,0.6391478029294274,0
1,0,0,0,2,1,2,1,2,0,0,0,0,2,0,0,3,90.75,174.75,0.021798365122615803,1
0,0,0,0,61,1,2,0,2,2,2,2,2,2,2,0,2,89.65,5308.7,0.6729178157749586,0
0,0,0,0,31,1,2,0,2,0,2,2,0,0,0,0,1,65.25,1994.3,0.4679245283018868,0
1,0,0,0,2,0,1,0,0,2,2,2,0,0,0,1,1,40.4,77.15,0.04830917874396135,0
1,0,0,1,1,1,0,2,1,1,1,1,1,1,0,0,3,20.75,20.75,0.04597701149425287,0
0,0,1,1,1,1,0,2,1,1,1,1,1,1,2,0,3,20.35,20.35,0.046838407494145196,0
1,0,0,0,59,1,0,2,1,1,1,1,1,1,2,1,0,20.2,1192.3,2.7830188679245285,0
0,0,0,0,1,1,2,1,0,0,0,0,2,2,0,0,3,95.65,95.65,0.010346611484738748,1
0,0,0,0,9,1,0,0,0,0,0,0,0,0,0,0,2,45.15,416.45,0.19501625135427952,0
0,0,1,1,14,1,2,1,0,0,0,2,2,0,0,1,2,91.65,1301.0,0.15110631408526712,0
0,0,0,0,12,1,2,1,0,0,0,0,0,2,0,1,2,86.55,1066.9,0.13706453455168477,0
0,0,0,0,47,1,0,0,0,0,2,2,2,2,2,0,3,74.45,3510.3,0.6229290921139827,0
0,0,1,1,7,1,2,0,0,0,0,0,0,0,0,0,2,48.8,349.8,0.14056224899598393,0
0,0,1,1,28,1,2,1,0,0,0,2,0,2,1,1,2,90.45,2509.25,0.306178239475123,0
0,0,1,1,70,1,0,2,1,1,1,1,1,1,2,0,0,19.8,1378.75,3.3653846153846154,0
0,0,1,1,26,1,0,2,1,1,1,1,1,1,2,0,1,19.65,494.9,1.2590799031476998,0
0,0,1,1,61,1,2,1,0,2,0,0,2,2,0,1,2,99.15,6010.05,0.6090863704443334,0
0,0,1,0,70,1,2,1,0,0,2,0,2,2,1,1,2,101.75,7069.3,0.681265206812652,0
0,0,0,0,1,1,0,2,1,1,1,1,1,1,0,0,3,19.5,19.5,0.04878048780487805,0
0,1,0,0,37,1,2,1,0,0,0,0,2,2,0,1,2,96.55,3580.3,0.37929267042542286,0
1,0,1,1,60,1,0,1,0,2,2,0,2,0,1,0,2,90.95,5453.4,0.6525285481239804,0
1,1,1,1,71,1,2,1,2,2,0,0,2,2,0,1,1,105.1,7548.1,0.6691800188501414,0
1,0,0,0,31,1,0,1,0,2,2,0,2,2,0,1,2,101.4,3143.65,0.302734375,0
1,0,1,1,14,1,0,2,1,1,1,1,1,1,1,0,3,19.75,309.35,0.6746987951807228,0
1,0,1,1,50,1,0,1,0,2,2,2,2,2,1,1,0,103.4,5236.4,0.4789272030651341,0
1,0,1,1,1,1,0,2,1,1,1,1,1,1,0,0,2,19.75,19.75,0.04819277108433735,0
1,1,1,0,41,1,2,1,0,0,2,0,2,2,0,1,2,99.8,4259.3,0.40674603174603174,0
1,1,1,0,30,1,0,0,0,2,0,0,0,0,0,1,0,50.4,1527.5,0.5836575875486382,0
1,1,1,1,64,1,2,2,1,1,1,1,1,1,2,1,0,24.4,1548.65,2.5196850393700787,0
1,1,1,0,7,1,2,0,2,2,0,2,0,0,0,0,2,64.2,475.0,0.10736196319018404,0
1,0,1,1,1,1,0,1,0,2,0,0,0,0,0,0,1,74.6,74.6,0.013227513227513229,1
1,0,1,0,51,1,0,0,2,2,2,2,2,2,2,1,1,83.85,4307.1,0.6010606953447261,0
0,0,1,1,50,1,2,0,2,2,2,2,0,2,1,1,0,80.05,4042.2,0.6169031462060457,0
1,0,1,1,44,1,0,2,1,1,1,1,1,1,1,1,0,20.5,865.05,2.046511627906977,0
0,0,0,0,65,1,2,1,0,2,0,2,2,2,1,1,0,105.05,6744.25,0.6129184347006129,0
0,1,0,0,1,0,1,0,0,0,0,0,0,0,0,1,3,25.7,25.7,0.03745318352059925,0
1,0,0,0,2,1,0,0,0,0,0,0,0,0,0,1,3,45.0,96.45,0.043478260869565216,0
0,0,0,0,48,1,0,1,2,0,2,2,2,2,2,1,1,102.5,4904.25,0.463768115942029,0
0,0,0,0,6,1,2,1,0,2,2,2,2,2,0,1,1,109.9,669.45,0.05410279531109107,0
0,0,0,0,35,1,0,0,0,0,2,0,0,2,0,1,2,62.1,2096.1,0.554675118858954,0
0,0,0,0,22,0,1,0,0,2,0,0,2,2,0,1,2,50.35,1098.85,0.42843232716650437,0
1,0,1,1,72,0,1,0,2,0,2,2,2,2,2,0,0,60.95,4549.05,1.162227602905569,0
0,1,1,1,55,1,2,0,2,0,2,2,2,0,1,0,2,76.25,4154.55,0.7119741100323624,0
1,0,1,1,69,1,0,1,2,2,0,2,2,2,2,1,1,106.35,7261.75,0.6427573358174197,0
1,1,1,0,72,1,2,0,0,0,2,0,2,2,2,1,1,73.45,5329.0,0.9670920080591,0
0,1,0,0,1,1,0,1,0,0,0,0,2,2,0,1,2,91.3,91.3,0.010834236186348862,1
0,0,0,1,26,1,0,1,0,2,2,2,2,2,2,1,2,105.45,2715.3,0.24424612494128697,0
1,0,1,1,23,1,0,2,1,1,1,1,1,1,2,0,3,20.9,454.0,1.0502283105022832,0
0,0,0,0,2,1,0,2,1,1,1,1,1,1,0,0,1,20.35,35.1,0.09367681498829039,0
1,0,1,0,2,1,0,1,0,0,2,0,0,0,0,0,2,76.4,151.8,0.025839793281653745,1
0,1,0,0,40,1,2,1,0,0,2,2,2,2,1,1,1,103.75,4188.4,0.3818615751789976,0
0,0,0,0,1,1,2,1,0,0,0,0,2,2,0,1,2,94.6,94.6,0.010460251046025106,1
0,1,1,0,27,1,0,1,2,0,0,0,0,0,0,1,0,75.2,1929.35,0.3543307086614173,0
0,0,1,1,9,1,0,0,2,2,2,2,0,0,0,0,3,65.0,663.05,0.13636363636363635,0
0,1,1,0,50,1,2,1,0,2,0,0,2,0,0,1,2,88.05,4367.35,0.5614823133071308,0
1,0,1,1,46,1,0,2,1,1,1,1,1,1,1,1,0,20.2,845.6,2.169811320754717,0
0,0,1,0,15,1,2,2,1,1,1,1,1,1,2,0,3,25.2,387.9,0.5725190839694657,0
0,0,0,0,23,1,2,0,2,0,2,0,2,2,1,1,2,78.55,1843.05,0.2891263356379636,0
0,0,0,0,2,1,0,0,0,2,0,0,2,0,0,1,2,59.0,114.15,0.03333333333333333,0
1,0,0,0,18,1,2,1,0,0,2,0,0,2,0,1,1,90.7,1597.25,0.19629225736095965,0
0,1,0,0,70,1,2,0,0,2,2,2,2,0,2,1,0,75.5,5212.65,0.9150326797385621,0
0,0,1,1,9,1,0,0,2,0,0,0,0,0,1,0,3,48.6,422.3,0.1814516129032258,0
1,0,1,1,30,1,2,0,2,2,2,2,0,0,0,0,2,67.6,2000.2,0.4373177842565598,0
1,0,1,1,15,1,0,1,2,0,0,0,0,0,0,0,3,75.1,1151.55,0.1971090670170828,0
1,1,0,0,39,1,2,1,0,2,0,0,0,2,0,0,2,90.7,3413.25,0.4252998909487459,0
0,0,0,0,12,1,0,0,0,2,0,0,0,0,0,1,2,49.4,611.65,0.2380952380952381,0
1,0,0,0,19,1,0,1,0,0,2,2,2,0,0,0,3,89.95,1682.4,0.20890599230346343,0
1,1,0,0,24,1,2,0,0,2,0,0,0,0,0,0,1,54.8,1291.3,0.43010752688172044,0
0,0,0,0,67,1,2,1,2,2,2,0,2,0,0,1,1,102.95,6886.25,0.6445406445406445,0
1,0,0,0,69,0,1,0,2,2,0,2,2,2,2,1,0,60.05,4176.7,1.1302211302211302,0
0,0,1,1,55,1,2,1,2,2,0,0,0,0,0,1,2,85.1,4600.95,0.6387921022067364,0
1,0,0,0,52,1,0,0,2,2,0,0,2,0,2,1,1,63.25,3342.45,0.8093385214007782,0
0,0,0,0,17,1,2,1,2,2,0,0,2,0,0,1,2,94.4,1617.5,0.17819706498951782,0
0,0,0,1,19,1,0,0,0,0,0,2,0,0,0,0,3,48.8,953.65,0.3815261044176707,0
1,0,0,0,39,1,2,1,0,0,0,0,0,0,0,0,2,75.25,3017.65,0.5114754098360655,0
1,0,0,0,40,1,0,0,2,2,0,2,0,0,0,1,3,61.9,2647.1,0.6359300476947536,0
1,0,0,0,26,1,0,2,1,1,1,1,1,1,0,0,3,20.9,518.3,1.1872146118721463,0
0,0,0,0,1,1,0,2,1,1,1,1,1,1,0,0,3,19.9,19.9,0.04784688995215311,0
1,1,1,0,18,1,0,1,0,0,0,0,0,2,0,0,2,78.55,1422.65,0.2262727844123193,0
0,1,0,0,15,1,0,1,0,2,0,0,0,0,0,1,1,75.3,1147.45,0.1965923984272608,0
0,0,0,0,2,1,0,2,1,1,1,1,1,1,0,1,3,20.45,42.45,0.09324009324009325,0
0,0,1,0,1,1,0,1,0,0,0,0,2,0,0,1,0,79.35,79.35,0.012445550715619168,1
1,0,0,0,23,1,0,1,0,2,0,0,2,2,0,0,3,95.3,2192.9,0.23883696780893043,0
0,0,1,1,72,1,2,0,2,0,2,2,0,0,2,0,0,66.85,4758.8,1.0611643330876934,0
0,0,0,0,2,1,0,2,1,1,1,1,1,1,0,0,3,20.3,41.2,0.09389671361502347,0
1,1,1,0,70,1,2,0,2,2,2,2,2,2,2,1,1,88.55,6306.5,0.7816862088218872,0
0,0,1,1,46,1,0,2,1,1,1,1,1,1,2,1,3,19.95,927.1,2.1957040572792366,0
0,0,0,0,36,1,0,2,1,1,1,1,1,1,1,0,3,19.55,620.75,1.751824817518248,0
0,0,1,0,72,1,2,1,2,0,2,2,2,2,2,1,1,110.15,7881.2,0.6477732793522267,0
0,0,1,1,6,1,0,0,0,0,0,2,0,0,0,1,3,48.8,297.35,0.12048192771084339,0
0,0,0,1,4,1,0,2,1,1,1,1,1,1,0,0,1,20.4,94.5,0.1869158878504673,0
0,0,0,0,1,1,2,1,0,0,0,0,0,2,0,1,3,85.45,85.45,0.01156737998843262,1
0,0,0,0,1,1,0,1,2,2,0,2,0,0,0,1,3,83.4,83.4,0.011848341232227487,1
0,0,0,0,13,1,2,1,2,0,0,0,2,2,0,1,2,100.35,1358.85,0.12826837691169216,0
0,0,1,0,64,0,1,0,2,0,2,2,0,2,2,0,2,47.85,3147.5,1.3101330603889456,0
1,0,0,1,8,0,1,0,2,0,0,2,0,2,2,1,3,44.55,343.45,0.1756311745334797,0
1,0,1,1,72,1,2,1,0,2,2,2,2,2,2,1,0,112.25,8041.65,0.6357615894039735,0
1,0,0,0,1,1,2,1,0,0,0,0,0,0,0,1,2,75.45,75.45,0.013080444735120994,1
0,0,0,0,4,1,2,1,0,0,0,2,2,2,0,1,3,100.85,399.25,0.039273441335297005,1
1,0,0,1,1,1,0,0,0,0,2,0,0,0,0,1,2,49.85,49.85,0.01966568338249754,0
1,0,1,1,62,1,2,2,1,1,1,1,1,1,2,1,0,24.25,1424.6,2.4554455445544554,0
0,1,0,0,34,1,2,1,0,2,0,2,2,0,0,1,2,96.35,3190.25,0.34925526450950184,0
1,0,0,1,1,1,0,0,0,0,0,0,0,0,0,1,2,44.4,44.4,0.022026431718061675,0
1,0,1,0,24,1,2,1,0,0,2,0,2,2,0,1,2,101.05,2391.8,0.23517883390494856,0
1,0,1,1,72,1,2,1,2,0,2,0,2,2,2,0,0,105.25,7609.75,0.6776470588235294,0
0,0,0,0,1,1,0,2,1,1,1,1,1,1,0,0,1,19.95,19.95,0.0477326968973747,0
0,1,1,0,63,1,2,1,0,2,2,0,2,2,0,1,2,103.5,6479.4,0.6028708133971292,0
0,0,1,1,66,1,2,1,2,2,2,0,2,2,2,0,0,109.25,7082.5,0.5986394557823129,0
1,0,1,0,61,1,2,0,0,2,2,0,2,2,1,1,2,79.8,4914.8,0.754950495049505,0
1,0,0,0,67,1,0,2,1,1,1,1,1,1,2,0,0,19.95,1311.75,3.1980906921241052,0
0,0,0,0,12,1,0,1,0,0,2,0,2,2,1,0,3,95.5,1115.15,0.12435233160621761,0
1,0,1,1,19,0,1,0,2,2,0,0,0,0,0,1,3,34.95,610.2,0.5285118219749652,0
1,0,0,0,67,1,0,2,1,1,1,1,1,1,2,0,0,20.5,1430.95,3.116279069767442,0
0,0,0,0,13,1,2,1,2,0,0,0,0,0,0,1,1,80.0,1029.35,0.16049382716049382,0
0,0,0,0,1,1,0,0,0,0,0,0,0,0,0,0,3,45.15,45.15,0.021668472372697724,0
0,0,1,1,3,1,2,1,0,0,0,0,0,2,0,1,0,84.75,264.85,0.03498542274052478,1
1,0,0,1,3,1,0,2,1,1,1,1,1,1,0,1,3,20.05,75.45,0.14251781472684086,0
0,0,1,1,17,1,2,1,2,0,2,0,2,2,0,1,2,104.2,1743.5,0.16159695817490494,0
1,0,0,0,52,1,0,0,2,0,2,0,0,0,1,0,2,53.75,2790.65,0.9497716894977168,0
1,0,1,1,51,1,0,2,1,1,1,1,1,1,1,0,3,19.4,997.75,2.5,0
0,1,0,0,5,1,0,1,0,0,2,0,2,0,0,1,3,84.85,415.55,0.05824111822947001,1
0,1,1,1,29,0,1,0,0,2,2,0,0,0,0,1,3,35.65,1025.15,0.791268758526603,0
0,0,1,1,1,1,0,2,1,1,1,1,1,1,0,1,1,20.15,20.15,0.047281323877068564,0
0,0,0,0,1,1,0,2,1,1,1,1,1,1,0,1,3,20.15,20.15,0.047281323877068564,0
0,0,1,1,42,1,2,1,2,2,0,0,2,0,1,1,1,94.45,3923.8,0.4400209533787323,0
1,0,0,0,1,1,0,2,1,1,1,1,1,1,0,0,3,19.65,19.65,0.04842615012106538,0
0,0,0,0,16,1,2,1,0,0,2,0,0,2,0,1,2,88.45,1422.1,0.17887087758524314,0
1,0,0,0,11,1,0,0,0,0,0,0,0,0,0,0,1,45.2,492.0,0.23809523809523808,0
0,1,1,0,26,1,2,1,0,2,2,0,0,2,0,1,2,93.85,2381.55,0.2741170268845546,0
1,0,0,1,54,1,0,0,0,2,2,2,0,0,1,1,2,61.0,3283.05,0.8709677419354839,0
1,0,1,0,30,1,2,1,0,0,0,0,2,2,0,1,1,94.05,2866.45,0.3156233561283535,0
1,1,1,1,66,1,2,0,2,2,2,2,2,0,2,0,1,79.4,5154.6,0.8208955223880596,0
0,0,1,1,72,1,0,1,2,2,2,2,2,2,2,1,0,108.65,7726.35,0.6566347469220246,0
1,0,1,1,12,1,2,2,1,1,1,1,1,1,2,1,0,24.0,269.65,0.48,0
0,0,0,0,19,1,0,1,2,0,2,2,2,2,0,1,2,106.6,1934.45,0.17657992565055763,0
1,0,1,0,9,1,0,0,2,2,0,2,2,0,0,1,3,68.95,593.85,0.12866333095067906,0
0,0,1,1,0,1,2,0,0,2,2,2,2,0,2,0,3,73.35,0.0,0.0,1
1,0,0,0,66,1,2,2,1,1,1,1,1,1,1,0,0,25.45,1699.15,2.4952741020793954,0
1,1,1,1,10,0,1,0,0,0,0,0,0,2,0,1,0,34.55,362.6,0.2812939521800282,0
0,0,1,1,56,1,2,2,1,1,1,1,1,1,2,1,3,24.45,1385.85,2.200392927308448,0
0,0,1,1,67,1,0,2,1,1,1,1,1,1,2,1,0,19.25,1372.9,3.308641975308642,0
1,0,1,1,64,0,1,0,2,0,2,2,2,2,2,1,0,60.05,3845.45,1.0483210483210483,0
0,0,1,0,64,1,2,0,2,2,2,2,0,2,2,1,3,81.3,5129.3,0.7776427703523694,0
1,1,1,0,13,1,0,1,0,0,0,0,0,0,0,0,0,70.45,849.1,0.18194541637508746,0
1,0,0,0,5,1,0,1,0,0,0,2,2,2,0,1,2,96.1,453.4,0.05149330587023687,1
0,0,0,0,4,0,1,0,2,0,2,0,0,0,0,0,3,35.0,135.75,0.1111111111111111,0
0,0,1,1,45,1,0,2,1,1,1,1,1,1,2,1,0,20.0,886.4,2.142857142857143,0
1,0,1,0,18,1,2,1,0,0,0,0,2,2,0,1,2,94.75,1691.9,0.18798955613577023,0
0,0,0,0,3,1,0,0,0,0,2,0,2,0,0,0,2,57.55,161.45,0.05123825789923143,0
1,0,0,0,1,1,0,2,1,1,1,1,1,1,0,0,3,20.6,20.6,0.046296296296296294,0
1,0,1,0,29,0,1,0,0,0,0,0,2,2,0,1,2,45.9,1332.4,0.6183368869936035,0
0,0,0,0,69,1,2,2,1,1,1,1,1,1,2,0,1,24.6,1678.05,2.6953125,0
0,0,0,0,21,1,2,1,0,2,0,0,2,2,0,1,1,99.85,1992.55,0.20823004462072386,0
0,0,0,0,20,1,0,0,0,0,0,0,0,0,0,1,2,44.35,927.15,0.4410143329658214,0
1,0,1,1,72,1,2,1,2,2,2,0,2,2,2,1,0,110.3,7966.9,0.646900269541779,0
1,0,0,0,7,0,1,0,0,0,0,0,0,0,1,1,1,24.35,150.85,0.2761341222879684,0
1,0,0,0,5,1,0,2,1,1,1,1,1,1,0,0,1,20.05,95.55,0.2375296912114014,0
0,0,1,0,6,1,2,0,0,0,0,0,0,0,0,0,2,50.35,314.55,0.11684518013631938,0
1,0,0,1,13,1,0,0,0,0,0,0,2,2,0,0,1,66.4,831.75,0.19287833827893172,0
0,0,1,1,1,1,0,2,1,1,1,1,1,1,0,0,3,20.05,20.05,0.047505938242280284,0
0,0,0,0,3,1,0,1,2,2,0,0,0,0,0,1,2,79.1,246.5,0.03745318352059925,1
1,0,0,0,7,1,2,1,0,0,0,0,2,2,0,0,2,96.2,639.7,0.07201646090534979,0
1,0,0,0,6,1,0,1,0,2,0,0,2,0,0,1,2,84.85,523.5,0.06988934187536401,0
1,0,0,0,1,1,0,2,1,1,1,1,1,1,0,0,3,20.0,20.0,0.047619047619047616,0
0,0,0,0,11,1,0,2,1,1,1,1,1,1,1,0,1,20.05,237.7,0.5225653206650831,0
0,0,0,0,63,1,2,1,0,2,0,0,2,2,1,0,0,99.9,6137.0,0.624380574826561,0
0,1,0,0,3,1,0,1,0,0,2,0,0,0,0,0,3,75.05,202.9,0.03944773175542406,1
1,0,0,0,6,1,0,2,1,1,1,1,1,1,1,0,3,19.15,124.4,0.29776674937965264,0
0,0,1,1,70,1,2,0,2,2,0,0,2,0,2,1,1,69.2,4872.35,0.9971509971509971,0
1,0,1,0,37,1,0,1,0,0,2,2,0,2,0,1,2,90.35,3419.3,0.4050355774493706,0
0,1,0,0,38,1,0,2,1,1,1,1,1,1,2,0,3,20.2,735.9,1.7924528301886793,0
0,1,0,0,29,1,2,0,2,2,0,0,0,0,0,1,0,58.55,1718.95,0.4869857262804366,0
1,0,0,0,9,1,0,2,1,1,1,1,1,1,1,1,2,19.9,164.6,0.430622009569378,0
1,1,1,0,23,1,0,2,1,1,1,1,1,1,1,1,2,20.75,485.2,1.0574712643678161,0
0,1,1,0,20,1,2,1,0,0,2,0,2,0,0,0,2,90.8,1951.0,0.2178649237472767,0
0,0,1,1,70,1,2,2,1,1,1,1,1,1,2,0,3,24.05,1764.75,2.7944111776447107,0
1,0,1,0,70,1,0,1,2,2,2,2,0,2,2,0,1,101.0,7085.5,0.6862745098039216,0
0,1,0,0,5,1,0,1,0,2,0,0,2,0,0,1,2,84.7,392.5,0.058343057176196034,1
1,0,1,1,72,1,2,0,2,2,2,2,2,0,2,1,0,80.85,5727.45,0.8796579108124619,0
0,0,1,1,72,0,1,0,2,2,2,2,0,2,2,0,1,55.65,3880.05,1.2709620476610768,0
1,0,0,0,4,1,0,1,2,2,0,2,0,2,0,1,3,94.9,360.55,0.04171011470281543,1
0,0,0,0,7,1,0,2,1,1,1,1,1,1,0,0,3,20.05,164.85,0.332541567695962,0
0,0,1,1,23,1,2,1,2,0,0,0,0,0,1,0,1,81.85,1810.85,0.2776101388050694,0
0,0,0,0,11,1,0,0,0,0,0,0,2,2,0,1,2,64.9,716.1,0.16691957511380878,0
1,0,1,1,23,1,0,2,1,1,1,1,1,1,1,1,1,20.0,445.3,1.0952380952380953,0
0,0,0,0,12,1,0,0,0,2,0,2,0,0,0,1,2,54.3,654.5,0.216998191681736,0
1,0,1,1,49,1,2,1,0,2,2,0,2,0,1,1,2,93.65,4520.15,0.5176967776016904,0
1,0,1,0,14,1,2,1,0,0,0,0,0,2,0,1,2,85.15,1139.2,0.16250725478816017,0
1,0,1,1,56,0,1,0,0,2,2,0,0,0,1,1,1,36.1,1971.5,1.5094339622641508,0
0,0,1,0,3,1,0,2,1,1,1,1,1,1,0,1,3,19.9,45.75,0.14354066985645933,0
0,0,0,0,69,1,2,1,0,2,2,2,2,2,2,1,0,110.5,7455.45,0.6188340807174888,0
1,1,1,0,6,1,2,1,0,0,2,0,0,0,0,1,2,80.8,457.1,0.07334963325183375,0
0,0,1,0,49,1,0,2,1,1,1,1,1,1,1,0,1,20.7,1032.05,2.2580645161290325,0
1,0,1,0,18,1,2,1,0,0,0,0,2,2,0,1,2,94.7,1687.95,0.18808777429467083,0
1,1,0,0,1,1,0,1,0,0,0,0,0,0,0,1,0,69.5,69.5,0.014184397163120567,0
0,0,0,0,3,0,1,0,0,0,0,0,2,0,0,0,1,35.2,108.95,0.08287292817679558,0
1,0,0,0,2,1,0,1,0,0,2,0,0,2,0,1,2,85.85,167.3,0.023028209556706966,1
1,0,0,0,54,1,0,2,1,1,1,1,1,1,2,0,1,19.65,1008.7,2.6150121065375305,0
1,0,0,0,24,1,0,0,0,0,0,2,0,0,0,1,1,51.1,1269.6,0.4606525911708253,0
0,0,1,1,54,1,2,0,2,0,0,2,0,0,2,0,0,60.0,3273.95,0.8852459016393442,0
1,0,0,0,15,1,0,2,1,1,1,1,1,1,0,0,3,19.75,311.6,0.7228915662650602,0
0,0,0,0,45,1,0,0,2,0,2,2,2,2,2,0,0,81.65,3618.7,0.5444646098003629,0
1,0,0,0,46,0,1,0,2,0,2,2,0,0,2,0,3,38.25,1755.35,1.1719745222929936,0
0,0,1,0,12,1,0,0,2,0,0,2,0,0,0,0,0,54.2,690.5,0.21739130434782608,0
0,0,1,1,71,1,0,1,0,0,2,0,0,0,2,0,2,76.05,5436.45,0.9214795587280987,0
0,0,0,0,13,0,1,0,0,2,0,0,0,0,0,1,2,31.65,389.95,0.3981623277182236,0
0,1,0,0,1,1,0,1,0,2,0,0,0,0,0,1,2,73.0,73.0,0.013513513513513514,1
0,0,1,1,58,1,0,1,0,2,2,0,2,0,0,1,2,91.55,5511.65,0.6266882766072394,0
0,0,0,0,7,1,2,1,0,0,0,0,0,0,0,1,0,75.1,552.95,0.09198423127463864,0
1,0,1,1,48,1,2,2,1,1,1,1,1,1,2,0,3,23.55,1173.35,1.955193482688391,0
1,0,0,0,71,1,2,1,2,0,0,2,0,2,1,0,1,97.65,6687.85,0.7197161682716675,0
1,0,0,1,9,1,0,2,1,1,1,1,1,1,0,0,3,20.4,184.1,0.42056074766355145,0
0,0,1,1,18,1,0,0,0,0,0,0,2,0,0,0,3,55.95,1082.8,0.3160667251975417,0
1,0,0,0,1,1,0,2,1,1,1,1,1,1,0,0,3,20.2,20.2,0.04716981132075472,0
0,1,1,0,67,1,0,2,1,1,1,1,1,1,2,1,0,20.05,1263.05,3.182897862232779,0
1,0,0,0,1,1,0,1,0,2,0,0,0,2,0,1,2,85.0,85.0,0.011627906976744186,1
0,0,1,0,56,1,2,1,2,0,0,0,2,2,1,1,2,98.0,5270.6,0.5656565656565656,0
1,0,0,0,54,0,1,0,2,2,0,0,0,2,2,0,0,46.2,2431.95,1.1440677966101693,0
0,0,1,1,14,1,0,2,1,1,1,1,1,1,2,1,3,19.7,263.65,0.6763285024154589,0
0,1,0,0,14,0,1,0,0,0,0,0,2,2,0,1,2,46.35,672.7,0.29567053854276665,0
1,0,0,0,54,1,0,0,2,2,0,2,2,0,0,1,3,69.9,3883.3,0.7616361071932298,0
1,0,1,0,72,1,2,0,2,2,2,2,0,0,2,0,3,68.15,4808.7,1.0412147505422993,0
1,0,0,0,17,1,0,0,2,2,0,0,0,0,1,0,3,56.1,946.95,0.29772329246935203,0
0,0,1,1,1,1,0,2,1,1,1,1,1,1,0,0,2,20.0,20.0,0.047619047619047616,0
0,0,1,0,30,1,2,1,0,0,0,0,0,2,0,1,2,85.0,2624.25,0.3488372093023256,0
0,0,0,1,50,1,0,2,1,1,1,1,1,1,2,0,1,20.15,970.85,2.364066193853428,0
1,0,0,1,3,1,0,2,1,1,1,1,1,1,0,0,3,19.95,58.3,0.1431980906921241,0
1,0,1,0,12,1,0,0,0,0,2,2,2,2,0,1,2,74.15,741.4,0.1596806387225549,0
0,0,0,0,13,1,0,1,0,2,2,0,0,0,0,1,2,81.15,952.3,0.15824710894704808,0
0,1,1,0,25,1,0,1,0,0,0,0,0,0,0,1,2,69.3,1813.1,0.3556187766714083,0
0,0,0,0,2,1,0,1,0,0,0,0,2,2,0,1,2,90.4,168.2,0.02188183807439825,1
0,0,0,0,36,1,2,0,0,2,0,2,0,2,1,1,3,70.7,2511.95,0.502092050209205,0
1,0,0,0,3,1,0,0,0,0,0,2,0,0,0,1,3,50.25,152.3,0.05853658536585366,0
1,0,1,0,66,1,2,0,0,0,0,2,0,2,0,0,2,63.85,4264.6,1.017733230531997,0
1,0,1,0,15,1,2,1,0,0,2,0,2,2,0,1,2,101.1,1504.05,0.14691478942213518,0
0,0,1,1,61,1,0,0,0,0,2,2,2,2,2,1,0,73.8,4616.05,0.8155080213903744,0
1,0,0,0,70,1,2,1,2,2,2,2,2,2,2,1,0,114.95,7711.25,0.6037084950409659,0
0,1,0,0,35,0,1,0,0,0,2,0,2,0,0,1,2,39.85,1434.6,0.8567931456548348,0
0,0,0,0,1,1,0,0,2,0,0,0,0,0,0,1,1,48.6,48.6,0.020161290322580645,0
0,0,1,1,48,1,0,2,1,1,1,1,1,1,2,0,0,20.65,1057.0,2.217090069284065,0
1,0,0,0,70,0,1,0,0,0,0,2,0,2,2,1,3,40.05,2799.75,1.7052375152253352,0
0,0,0,1,12,1,2,1,0,2,2,0,2,2,0,1,2,105.3,1275.65,0.11288805268109126,0
1,0,1,0,61,1,2,1,0,2,2,2,2,2,0,1,2,114.1,7132.15,0.5299739357080799,0
0,0,0,0,38,1,0,1,0,2,2,2,0,0,0,1,1,84.25,3264.5,0.44574780058651026,0
1,0,0,0,1,1,0,1,0,0,0,0,0,0,0,1,3,71.35,71.35,0.013821700069108501,1
0,0,1,1,56,1,2,0,2,0,0,0,2,0,1,0,0,65.2,3512.15,0.8459214501510574,0
0,0,0,0,5,1,0,1,0,0,0,2,0,2,0,1,1,85.4,425.9,0.057870370370370364,1
1,0,1,0,11,1,0,0,0,0,0,0,0,0,0,1,0,45.9,521.9,0.2345415778251599,0
0,0,1,1,59,1,2,1,0,2,2,0,2,2,1,1,2,106.15,6256.2,0.5506299580027998,0
0,0,0,0,1,1,0,0,0,0,0,0,0,0,0,1,3,45.4,45.4,0.021551724137931036,0
1,1,1,0,72,1,2,1,0,2,2,0,2,2,2,1,0,104.15,7689.95,0.6847360912981455,0
1,0,1,1,22,1,0,2,1,1,1,1,1,1,1,0,3,20.15,419.9,1.0401891252955084,0
1,0,0,1,17,1,0,0,0,0,0,0,0,0,1,0,3,44.6,681.4,0.37280701754385964,0
1,0,1,0,50,0,1,0,2,0,0,2,2,0,1,1,0,44.45,2188.45,1.1001100110011,0
1,0,0,0,8,1,0,0,0,2,0,2,2,0,0,1,2,66.65,520.95,0.11825572801182556,0
1,0,1,1,56,1,0,0,2,2,2,0,0,0,2,1,0,59.8,3457.45,0.9210526315789475,0
0,0,1,1,3,1,0,1,0,0,0,0,0,2,0,1,2,80.3,250.05,0.03690036900369004,1
1,0,1,1,40,1,0,2,1,1,1,1,1,1,0,1,0,20.4,745.3,1.869158878504673,0
1,1,0,0,67,1,2,1,0,0,2,0,2,2,0,1,1,101.4,6841.05,0.654296875,0
0,0,1,0,4,1,2,1,0,2,0,0,2,0,0,1,2,91.65,365.4,0.04317323259579061,1
0,0,1,0,67,1,0,2,1,1,1,1,1,1,1,1,0,20.85,1327.4,3.066361556064073,0
0,0,1,1,4,1,0,0,2,0,0,0,0,0,0,0,2,50.3,217.1,0.07797270955165693,0
0,0,1,1,61,1,2,2,1,1,1,1,1,1,2,1,3,24.1,1551.6,2.4302788844621515,0
0,0,1,0,69,1,2,2,1,1,1,1,1,1,1,1,2,26.3,1763.55,2.5274725274725274,0
0,0,1,0,49,1,0,2,1,1,1,1,1,1,2,1,0,20.15,973.35,2.3167848699763596,0
1,0,1,0,49,1,0,1,0,2,0,0,2,0,0,1,1,85.3,4297.95,0.5677867902665121,0
0,0,0,0,35,1,2,1,2,2,2,2,2,2,2,1,3,113.2,3914.05,0.30647985989492116,0
1,0,1,1,69,1,2,2,1,1,1,1,1,1,2,0,0,24.45,1718.2,2.7111984282907664,0
0,0,1,0,60,1,0,0,2,2,0,2,0,0,2,0,0,59.85,3483.45,0.9860312243221035,0
0,0,1,1,1,0,1,0,0,0,0,2,2,0,0,0,2,40.1,40.1,0.024330900243309,0
0,0,0,1,17,1,2,0,0,0,2,0,0,0,1,1,3,55.85,937.5,0.2990325417766051,0
0,0,0,0,1,1,0,0,0,0,0,0,0,0,0,1,1,44.55,44.55,0.021953896816684963,0
1,0,1,1,5,1,0,2,1,1,1,1,1,1,1,0,2,20.55,99.45,0.23201856148491878,0
0,0,0,0,13,1,0,2,1,1,1,1,1,1,2,1,3,20.4,261.3,0.6074766355140188,0
1,0,0,0,4,1,2,1,0,0,0,0,0,0,0,1,2,74.35,265.35,0.05308560053085601,1
1,0,1,1,53,1,2,0,0,0,2,2,2,2,1,1,3,78.75,3942.45,0.664576802507837,0
0,0,1,1,72,0,1,0,2,2,2,2,2,2,2,0,0,64.45,4528.0,1.1000763941940412,0
1,0,0,0,24,1,0,2,1,1,1,1,1,1,2,0,3,20.75,487.05,1.103448275862069,0
0,0,0,0,19,1,2,2,1,1,1,1,1,1,0,0,0,24.7,465.85,0.7392996108949417,0
1,0,0,1,1,1,0,2,1,1,1,1,1,1,0,0,3,19.85,19.85,0.047961630695443645,0
0,0,0,0,5,1,2,1,0,0,0,0,0,0,0,0,2,75.6,402.5,0.06527415143603134,1
1,1,1,1,71,1,0,1,2,2,2,0,0,0,1,1,0,86.7,6179.35,0.8095781071835804,0
1,0,1,0,72,1,2,0,2,2,2,2,2,2,2,1,0,89.05,6254.45,0.7995558023320378,0
0,0,0,0,42,1,0,0,2,2,2,0,0,0,0,0,0,59.65,2536.55,0.6924979389942292,0
1,0,0,0,14,1,2,0,0,2,0,0,0,0,0,1,1,55.5,767.55,0.24778761061946902,0
1,0,0,0,1,1,0,0,2,0,0,0,0,0,0,0,3,51.25,51.25,0.019138755980861243,0
0,1,0,0,2,1,0,1,0,0,0,0,0,0,0,1,2,70.65,142.35,0.027913468248429864,1
0,1,1,1,72,1,2,0,2,2,2,2,2,2,2,0,1,92.45,6440.25,0.7704654895666131,0
0,0,1,1,13,1,0,1,0,0,0,0,2,2,0,0,2,88.35,1222.8,0.1454952434247342,0
0,0,0,0,18,1,0,1,0,2,2,0,0,0,0,0,2,77.8,1358.6,0.2284263959390863,0
0,0,0,0,45,1,2,1,2,2,0,0,0,2,1,0,0,96.75,4442.75,0.46035805626598464,0
0,1,0,0,55,1,2,1,0,0,2,0,2,2,1,1,2,100.15,5409.75,0.5437469105289174,0
1,0,0,1,1,1,2,0,0,0,0,0,0,0,0,1,2,50.05,50.05,0.019588638589618023,0
1,0,0,0,1,1,0,2,1,1,1,1,1,1,0,0,3,21.1,21.1,0.04524886877828054,0
1,0,0,0,65,1,2,2,1,1,1,1,1,1,1,0,1,24.8,1600.95,2.5193798449612403,0
0,0,1,0,46,1,0,0,0,2,0,0,2,2,0,1,1,69.1,3168.0,0.6562054208273895,0
0,0,0,1,21,1,0,2,1,1,1,1,1,1,0,0,3,20.75,452.2,0.9655172413793104,0
1,1,0,0,24,1,2,1,0,2,0,0,2,2,0,1,2,101.25,2440.15,0.23471882640586797,0
0,0,1,1,34,0,1,0,2,0,2,2,2,2,1,0,3,61.25,1993.2,0.5461847389558233,0
0,0,0,0,13,1,0,1,0,2,0,0,0,0,1,1,3,74.65,966.25,0.1718440185062789,0
0,0,1,1,48,1,0,0,2,0,2,2,2,0,1,0,0,69.7,3023.65,0.6789250353606789,0
0,0,0,0,56,1,2,1,0,2,2,0,2,2,1,1,2,106.8,5914.4,0.5194805194805195,0
0,0,1,1,42,1,0,1,0,0,2,2,2,2,2,1,2,100.4,4303.65,0.4142011834319526,0
0,0,1,0,4,1,0,0,2,2,0,0,0,0,0,0,3,54.7,235.05,0.0718132854578097,0
0,0,1,0,65,1,0,0,2,0,2,0,0,0,0,1,3,55.15,3673.15,1.157613535173642,0
1,0,1,0,3,0,1,0,0,0,0,0,0,0,0,0,3,25.0,78.25,0.11538461538461539,0
0,0,1,1,70,1,2,0,2,0,0,2,2,2,2,1,0,80.6,5460.2,0.857843137254902,0
1,1,0,0,1,1,2,1,0,0,2,0,2,0,0,1,2,88.8,88.8,0.011135857461024499,1
1,0,0,0,66,1,0,0,2,2,0,0,0,0,1,1,3,54.8,3465.7,1.1827956989247312,0
1,0,0,0,19,1,0,0,0,0,2,2,0,0,0,1,1,55.0,1046.5,0.3392857142857143,0
1,0,1,0,70,1,2,2,1,1,1,1,1,1,2,0,0,24.25,1724.15,2.772277227722772,0
1,0,0,0,41,1,0,1,0,2,0,2,2,2,2,1,1,99.65,4220.35,0.40735221063089916,0
1,0,1,1,45,1,2,1,0,2,2,2,2,2,2,1,0,109.75,4900.65,0.40632054176072235,0
0,0,1,0,49,1,0,2,1,1,1,1,1,1,1,0,0,20.45,900.9,2.2843822843822843,0
1,1,0,0,22,1,2,1,0,0,0,2,2,0,0,1,0,90.5,1910.6,0.24043715846994534,0
0,0,1,1,56,1,2,1,0,2,2,2,0,2,1,1,1,99.75,5608.4,0.5558312655086849,0
0,0,0,0,15,1,2,0,2,0,0,0,0,0,0,1,3,55.7,899.8,0.26455026455026454,0
0,0,1,1,67,1,2,1,2,0,2,2,0,2,1,1,0,100.25,6689.0,0.6617283950617284,0
1,0,1,1,1,1,0,2,1,1,1,1,1,1,1,0,3,19.65,19.65,0.04842615012106538,0
1,1,1,1,38,1,2,1,0,2,0,0,2,2,0,0,2,101.15,3741.85,0.3720019579050416,0
0,0,0,0,52,1,2,0,2,0,2,2,2,0,1,0,1,74.0,3877.65,0.6933333333333334,0
0,0,1,1,34,1,0,2,1,1,1,1,1,1,1,1,0,20.1,682.1,1.6113744075829384,0
1,0,1,1,69,1,0,2,1,1,1,1,1,1,2,0,0,19.9,1356.7,3.3014354066985647,0
1,0,0,1,4,1,2,1,0,2,0,0,2,2,0,1,2,101.7,364.55,0.03894839337877312,1
0,0,0,0,63,1,0,0,0,0,2,0,0,2,1,0,1,58.55,3503.5,1.057934508816121,0
1,0,1,0,24,1,0,2,1,1,1,1,1,1,2,0,3,19.75,483.15,1.1566265060240963,0
1,0,0,0,62,1,2,1,2,2,2,0,0,0,0,0,0,90.7,5586.45,0.6761177753544165,0
0,0,0,0,36,1,0,2,1,1,1,1,1,1,1,1,0,19.25,679.8,1.7777777777777777,0
0,0,0,0,38,1,2,0,0,2,0,2,0,2,0,0,1,68.15,2656.3,0.5495300072306579,0
0,1,1,0,47,1,2,1,2,0,0,0,0,0,0,0,2,80.35,3825.85,0.5777504609711125,0
1,0,1,0,38,1,0,1,2,2,0,0,0,0,0,1,2,79.45,3013.05,0.4723430702299565,0
0,0,1,1,42,1,0,1,0,0,2,0,2,2,0,1,2,92.15,3875.4,0.4508856682769726,0
0,0,1,0,42,1,2,2,1,1,1,1,1,1,2,0,2,25.25,1108.2,1.6,0
0,0,0,0,3,1,0,0,0,2,0,2,2,2,0,1,2,75.3,244.1,0.039318479685452164,1
1,1,0,0,8,1,0,1,2,0,0,2,2,2,0,0,1,100.3,832.35,0.07897334649555775,0
1,1,0,0,9,1,2,1,0,0,0,0,0,2,0,1,1,84.4,732.5,0.10538641686182669,0
0,0,1,0,58,1,2,0,2,0,0,2,0,2,1,1,2,68.4,3972.25,0.8357348703170028,0
1,1,0,0,21,1,0,0,0,0,2,0,2,0,0,1,0,60.05,1236.15,0.343980343980344,0
0,0,0,0,10,1,0,2,1,1,1,1,1,1,0,1,3,20.9,247.0,0.4566210045662101,0
0,0,0,0,70,1,2,1,0,2,0,0,2,2,1,0,2,98.9,6838.6,0.7007007007007007,0
1,0,0,0,26,1,0,0,2,0,0,2,2,2,1,0,0,75.0,1908.35,0.34210526315789475,0
1,1,1,0,36,1,2,1,0,2,0,0,2,2,0,1,2,96.5,3436.1,0.36923076923076925,0
1,0,1,0,72,1,2,0,2,2,2,2,0,0,2,1,0,67.8,4804.65,1.0465116279069768,0
0,0,0,0,9,1,0,1,2,0,0,0,0,0,0,1,1,74.25,639.65,0.11960132890365449,0
0,0,0,0,15,1,2,1,0,2,0,0,2,2,0,1,2,100.15,1415.0,0.14829461196243202,0
0,1,0,0,63,1,2,0,2,2,2,2,2,0,1,0,0,83.0,5243.05,0.75,0
1,0,0,0,4,1,0,0,0,2,0,2,2,0,0,1,0,63.75,226.2,0.06177606177606178,0
1,0,0,0,25,1,0,2,1,1,1,1,1,1,0,0,3,20.6,541.5,1.1574074074074074,0
1,0,1,0,46,1,0,2,1,1,1,1,1,1,0,0,2,19.6,851.2,2.233009708737864,0
0,1,1,0,44,1,2,1,0,0,2,2,2,2,0,0,2,104.15,4495.65,0.4184498335710889,0
1,0,0,0,12,1,0,2,1,1,1,1,1,1,0,0,3,20.45,255.35,0.5594405594405595,0
1,0,0,0,1,1,0,0,0,0,0,0,0,0,0,1,2,44.8,44.8,0.02183406113537118,0
1,0,0,0,1,1,0,0,2,0,0,0,0,0,0,1,3,48.55,48.55,0.020181634712411706,0
0,1,0,0,20,1,2,0,0,0,0,0,0,2,0,1,3,61.6,1174.35,0.3194888178913738,0
0,0,1,1,72,1,2,1,2,2,2,2,2,2,2,0,1,117.5,8670.1,0.6075949367088608,0
1,0,1,0,53,0,1,0,0,2,2,2,2,2,1,1,2,60.45,3184.25,0.8624898291293734,0
1,0,1,1,52,1,0,2,1,1,1,1,1,1,2,0,3,19.2,1054.75,2.5742574257425743,0
1,1,1,0,2,1,0,1,0,0,2,0,0,0,0,1,2,74.2,140.1,0.026595744680851064,1
1,0,0,0,50,1,0,1,2,2,0,2,0,2,0,1,1,93.5,4747.5,0.5291005291005291,0
1,0,1,1,17,1,0,1,0,0,0,0,0,0,0,1,2,69.0,1149.65,0.24285714285714285,0
1,1,1,0,51,0,1,0,0,2,0,0,0,0,0,1,1,29.45,1459.35,1.6748768472906403,0
1,1,0,0,16,1,0,1,0,0,0,0,0,2,0,1,2,78.75,1218.25,0.2006269592476489,0
0,0,0,0,18,1,2,1,0,0,2,2,0,2,0,1,0,95.05,1679.4,0.18740239458615304,0
1,0,1,1,71,1,2,0,2,0,2,2,2,2,1,0,2,85.45,6300.85,0.821283979178716,0
1,0,1,1,68,0,1,0,2,2,0,0,2,0,1,0,3,44.8,2983.65,1.4847161572052403,0
1,1,0,0,1,1,0,1,0,0,0,2,0,0,0,0,2,74.7,74.7,0.01321003963011889,1
0,0,1,1,25,1,0,2,1,1,1,1,1,1,2,1,3,18.7,383.65,1.2690355329949239,0
1,1,1,0,24,1,0,1,0,0,2,0,2,2,0,1,2,93.15,2231.05,0.2549123738714817,0
1,0,0,0,14,0,1,0,0,0,2,0,2,2,0,1,2,50.75,712.75,0.27053140096618356,0
1,0,0,0,55,1,0,0,2,0,2,2,0,0,2,1,2,59.2,3175.85,0.9136212624584718,0
0,0,0,0,25,0,1,0,2,2,2,0,2,2,1,0,2,61.05,1540.2,0.40290088638195004,0
1,0,1,1,10,1,0,0,0,0,2,0,2,0,0,0,3,60.2,563.5,0.16339869281045752,0
1,0,1,1,61,1,0,1,0,2,2,2,2,2,1,0,1,103.9,6449.15,0.5815061963775023,0
1,0,0,0,6,1,0,0,2,0,0,0,0,2,0,1,0,59.15,336.7,0.09975062344139651,0
1,0,0,0,13,1,0,2,1,1,1,1,1,1,2,0,3,19.95,243.65,0.6205250596658711,0
0,0,0,0,2,1,0,2,1,1,1,1,1,1,0,0,3,19.3,44.4,0.09852216748768472,0
0,0,1,0,1,1,0,0,0,0,0,0,0,0,0,1,2,45.0,45.0,0.021739130434782608,0
0,0,0,0,2,1,0,1,0,0,0,0,0,0,0,0,2,70.35,139.25,0.028030833917309043,1
1,1,0,0,49,1,2,1,0,0,0,0,2,2,0,1,2,96.2,4718.25,0.5041152263374485,0
0,0,0,0,1,1,0,0,0,0,0,0,0,0,0,1,3,45.3,45.3,0.021598272138228944,0
1,0,1,0,37,1,2,1,0,0,2,2,2,0,2,0,3,94.3,3460.95,0.3882476390346275,0
0,0,1,1,40,1,0,2,1,1,1,1,1,1,2,0,0,20.15,777.35,1.8912529550827424,0
0,1,0,0,23,1,0,1,0,2,0,0,2,2,0,1,2,94.75,2293.6,0.2402088772845953,0
0,1,0,0,66,1,2,1,0,2,2,0,2,2,1,0,0,108.1,7238.6,0.6049495875343721,0
1,0,1,1,17,1,2,1,0,0,0,0,2,2,0,1,2,92.55,1515.1,0.1817210048102619,0
1,1,0,0,9,1,2,1,0,0,0,0,0,2,0,1,2,85.05,746.5,0.10459035444509007,0
0,1,1,0,39,1,2,1,0,0,0,2,2,2,0,1,2,101.25,3949.15,0.38141809290953543,0
1,0,0,1,23,0,1,0,2,0,2,2,0,0,2,0,3,40.1,857.75,0.559610705596107,0
1,0,0,0,50,1,0,2,1,1,1,1,1,1,1,0,1,20.15,989.05,2.364066193853428,0
0,0,0,0,3,1,0,1,0,2,0,2,2,2,0,1,2,97.9,315.3,0.030333670374115267,1
0,0,0,0,61,1,0,2,1,1,1,1,1,1,1,0,0,19.45,1336.35,2.9828850855745723,0
0,0,0,0,24,1,2,1,0,0,2,0,2,0,0,1,1,88.95,2072.75,0.2668148971650917,0
0,0,1,1,14,1,2,1,0,0,0,0,2,0,0,1,2,84.8,1203.9,0.16317016317016317,0
1,0,1,1,52,1,2,2,1,1,1,1,1,1,2,0,3,25.75,1345.85,1.9439252336448598,0
0,0,1,0,15,1,0,1,0,0,2,0,2,0,0,1,2,84.3,1308.4,0.1758499413833529,0
0,0,0,0,33,1,2,0,2,0,0,2,0,0,1,0,2,59.4,1952.8,0.5463576158940397,0
1,1,1,0,69,1,2,1,0,2,2,0,0,2,0,1,0,95.35,6382.0,0.7161390762843799,0
0,0,1,1,61,1,2,0,2,2,2,2,2,2,2,0,3,88.1,5526.75,0.6846240179573513,0
1,0,1,1,71,1,2,1,2,2,2,2,2,2,2,1,0,116.05,8297.5,0.6065783853054251,0
0,0,0,0,53,1,2,1,2,2,2,0,0,0,0,0,2,90.8,4921.2,0.5773420479302832,0
0,1,0,0,42,1,2,0,0,0,2,0,0,0,0,0,2,55.65,2421.75,0.7413945278022948,0
1,0,0,0,36,1,0,0,2,0,2,2,2,2,0,1,1,79.2,2854.95,0.44887780548628425,0
1,0,0,0,25,1,0,1,2,0,2,2,2,2,0,1,2,105.5,2686.05,0.2347417840375587,0
0,0,0,0,8,1,0,2,1,1,1,1,1,1,0,1,3,20.7,137.6,0.3686635944700461,0
0,0,0,0,16,1,2,1,0,2,2,0,0,2,0,1,1,95.6,1555.65,0.16563146997929606,0
0,0,0,0,12,1,2,1,0,2,0,0,2,0,0,1,0,89.75,1052.4,0.1322314049586777,0
0,0,1,0,28,1,2,1,0,0,2,2,2,2,0,1,2,104.8,3046.05,0.26465028355387527,0
1,0,0,0,7,1,2,1,0,0,0,0,2,2,0,1,2,94.1,701.3,0.07360672975814932,0
1,1,1,0,32,1,2,1,0,0,2,2,2,2,0,1,2,104.9,3351.55,0.3021718602455146,0
0,0,0,1,1,1,0,1,0,0,0,0,0,2,0,0,2,78.65,78.65,0.012554927809165096,1
1,0,0,0,8,0,1,0,2,0,0,0,0,0,0,1,2,30.45,226.45,0.2543720190779014,0
1,0,1,0,63,1,2,1,0,2,2,0,2,2,0,1,2,103.4,6603.0,0.603448275862069,0
0,0,0,0,1,0,1,0,0,0,0,0,2,0,0,1,2,34.7,34.7,0.028011204481792715,0
1,0,1,0,60,1,2,1,0,2,2,0,2,2,1,0,0,102.5,6157.6,0.5797101449275363,0
0,0,0,0,16,1,0,1,0,2,0,0,0,2,0,1,2,86.25,1340.1,0.1833810888252149,0
1,1,1,0,71,1,2,1,2,2,2,2,0,0,1,1,2,92.0,6585.2,0.7634408602150538,0
1,0,1,1,40,1,0,1,0,0,2,0,2,0,1,1,2,85.05,3355.65,0.46484601975595585,0
0,1,1,0,18,1,2,1,0,0,0,2,2,2,0,0,0,99.75,1836.25,0.17866004962779156,0
1,0,0,0,5,1,0,1,0,0,0,0,0,2,0,0,3,78.75,426.35,0.06269592476489028,1
1,0,0,0,33,1,0,1,0,2,2,0,0,0,0,1,1,79.0,2576.8,0.4125,0
0,0,1,1,13,1,0,2,1,1,1,1,1,1,2,1,0,19.75,246.7,0.6265060240963856,0
0,0,0,0,40,1,0,0,0,0,2,0,0,0,1,1,3,50.25,2023.55,0.7804878048780488,0
1,1,0,0,67,1,2,1,2,2,2,2,2,2,2,1,1,116.1,7839.85,0.5721605465414176,0
0,0,0,0,16,1,0,0,2,0,0,0,0,0,0,1,2,50.15,762.25,0.3128054740957967,0
1,0,1,0,59,1,0,0,2,2,2,0,2,0,1,0,1,66.4,3958.2,0.8753709198813056,0
1,1,0,0,8,1,0,1,0,0,0,0,0,0,0,1,1,69.95,562.7,0.11275546159267089,0
1,0,1,1,24,1,2,2,1,1,1,1,1,1,2,1,0,24.1,587.4,0.9561752988047808,0
1,0,1,1,7,1,0,2,1,1,1,1,1,1,0,0,3,20.25,144.35,0.32941176470588235,0
1,0,1,1,72,1,2,2,1,1,1,1,1,1,2,0,1,24.1,1734.65,2.8685258964143423,0
0,0,0,0,44,1,0,1,0,2,2,0,2,0,0,1,1,88.15,3973.2,0.4935501962983735,0
0,1,1,0,38,1,2,1,0,0,0,0,0,0,0,1,0,74.95,2869.85,0.5003291639236339,0
1,0,0,0,4,1,0,0,0,0,0,0,0,2,0,1,2,55.9,238.5,0.070298769771529,0
1,0,0,0,2,1,0,0,2,0,2,0,0,0,0,0,2,53.45,119.5,0.03673094582185491,0
0,0,1,0,70,0,1,0,2,0,2,2,0,2,2,1,0,49.85,3370.2,1.376597836774828,0
0,0,0,0,33,1,2,1,2,0,0,0,0,2,0,1,2,90.65,2989.6,0.36006546644844517,0
0,0,0,0,1,0,1,0,0,0,0,0,0,0,0,1,3,24.9,24.9,0.03861003861003861,0
1,0,0,0,39,0,1,0,0,0,2,2,0,0,1,0,3,35.55,1309.15,1.06703146374829,0
1,1,0,0,55,1,2,1,2,2,2,2,2,2,0,1,2,116.5,6382.55,0.46808510638297873,0
1,0,1,1,52,1,0,0,0,2,2,2,2,0,1,1,2,68.75,3482.85,0.7455197132616488,0
0,0,1,1,30,0,1,0,0,0,0,2,2,2,0,0,1,51.2,1561.5,0.5747126436781609,0
1,1,1,0,60,1,2,1,0,0,0,2,2,2,0,1,2,99.0,6017.9,0.6,0
1,0,1,1,50,1,2,0,0,0,2,0,0,0,1,0,0,54.9,2614.1,0.8944543828264758,0
0,0,0,0,32,1,2,1,2,0,2,2,2,2,1,1,0,109.55,3608.0,0.28946178199909545,0
1,0,1,0,51,1,2,1,0,2,2,0,2,2,1,1,0,106.8,5498.8,0.4730983302411874,0
1,0,0,0,1,1,0,1,0,0,0,2,0,0,0,1,3,74.3,74.3,0.013280212483399735,1
0,0,1,1,69,1,2,2,1,1,1,1,1,1,2,1,0,25.6,1673.4,2.5939849624060147,0
0,0,1,1,42,1,2,1,0,0,0,0,2,2,0,1,2,94.2,4186.3,0.4411764705882353,0
1,0,1,0,14,0,1,0,0,0,0,0,2,2,0,0,2,46.35,667.7,0.29567053854276665,0
1,0,0,1,52,1,2,2,1,1,1,1,1,1,2,0,1,25.6,1334.5,1.9548872180451127,0
1,0,1,0,62,1,2,1,0,0,2,2,2,2,2,1,0,107.6,6912.7,0.570902394106814,0
0,0,1,1,72,1,0,2,1,1,1,1,1,1,2,0,0,19.55,1463.45,3.503649635036496,0
1,0,0,0,32,1,0,1,0,0,0,2,2,2,0,1,2,96.2,3183.4,0.3292181069958848,0
0,1,0,0,1,1,0,1,0,0,0,0,0,0,0,1,2,69.65,69.65,0.014154281670205236,0
0,1,1,0,72,1,2,1,2,0,0,0,0,0,2,0,0,78.5,5602.25,0.9056603773584906,0
0,1,0,0,1,1,0,0,0,0,0,0,0,0,0,0,3,45.1,45.1,0.021691973969631236,0
0,0,0,0,1,1,2,2,1,1,1,1,1,1,0,1,3,25.75,25.75,0.037383177570093455,0
1,0,0,0,5,1,2,1,0,2,2,0,2,2,0,0,3,104.1,541.9,0.04757373929590866,1
1,0,0,0,63,1,2,1,0,2,2,0,2,2,2,1,0,104.75,6536.5,0.5957446808510638,0
1,0,1,1,67,1,0,0,2,2,2,0,2,2,2,0,1,81.35,5398.6,0.8136004857316333,0
0,0,1,1,40,1,2,1,0,2,2,0,2,0,0,1,1,96.35,3915.4,0.41088854648176687,0
1,0,0,0,65,1,2,1,2,0,0,2,0,2,1,0,2,93.55,6069.25,0.6874669487043892,0
0,0,1,1,16,1,0,2,1,1,1,1,1,1,2,0,3,19.7,301.55,0.7729468599033816,0
0,1,0,0,46,1,2,0,0,0,2,2,0,2,1,1,1,69.1,3255.35,0.6562054208273895,0
1,0,0,0,11,0,1,0,0,2,0,2,0,0,0,1,2,35.65,425.1,0.30013642564802184,0
0,0,1,0,49,1,0,1,0,2,2,0,2,2,0,0,2,99.4,5025.0,0.4880478087649402,0
0,0,1,0,68,0,1,0,2,0,2,0,2,2,1,1,2,54.4,3723.65,1.2274368231046933,0
0,0,0,0,10,1,0,2,1,1,1,1,1,1,1,1,3,19.3,185.2,0.49261083743842365,0
0,1,0,0,2,1,0,1,0,2,0,0,2,0,0,1,0,83.8,163.7,0.02358490566037736,1
0,0,1,0,5,1,0,1,0,0,0,0,0,0,0,1,2,68.95,351.5,0.07147962830593281,0
1,0,0,1,53,1,0,0,2,2,0,2,0,0,1,0,1,62.85,3419.5,0.8300704776820673,0
1,1,1,0,54,1,2,1,0,2,2,2,2,2,2,1,2,110.45,6077.75,0.48452220726783307,0
0,0,0,0,4,1,0,0,0,0,0,0,0,0,0,1,3,45.3,196.95,0.08639308855291578,0
1,1,0,0,15,1,2,1,0,0,0,0,0,0,0,0,2,75.65,1146.65,0.19569471624266144,0
1,0,0,0,10,1,0,2,1,1,1,1,1,1,0,1,3,19.85,193.05,0.4796163069544364,0
0,0,0,0,3,1,0,0,0,0,0,0,0,2,0,1,2,55.3,196.15,0.05328596802841919,0
0,0,1,0,71,1,2,2,1,1,1,1,1,1,2,0,0,24.75,1836.9,2.7572815533980584,0
1,0,1,0,8,1,0,0,0,2,2,0,0,0,0,1,3,54.75,445.85,0.14349775784753363,0
1,1,0,0,1,1,2,1,0,0,0,0,2,2,0,1,2,94.0,94.0,0.010526315789473684,1
0,0,1,1,64,1,2,1,2,2,0,2,2,2,2,0,0,110.3,6997.3,0.5750224618149147,0
1,0,0,0,57,1,0,2,1,1,1,1,1,1,2,0,1,18.8,1094.35,2.878787878787879,0
0,1,1,0,1,1,2,1,0,0,2,0,2,2,0,1,2,100.8,100.8,0.009823182711198428,1
0,1,1,0,20,1,0,0,0,2,0,0,0,2,0,1,2,60.0,1259.35,0.32786885245901637,0
0,1,0,0,26,1,2,0,0,0,0,2,0,2,0,1,2,66.05,1652.4,0.3877703206562267,0
0,1,0,0,2,1,0,1,0,0,0,0,0,2,0,1,0,79.75,159.4,0.02476780185758514,1
1,0,1,1,32,1,0,1,2,2,2,0,0,2,1,0,3,94.8,3131.55,0.33402922755741127,0
0,0,0,0,5,1,2,2,1,1,1,1,1,1,0,0,3,25.45,134.75,0.1890359168241966,0
0,0,0,0,70,1,2,1,2,2,2,0,2,2,2,1,3,111.15,7737.55,0.6241640659830584,0
1,0,0,0,31,1,0,0,0,0,2,2,0,0,0,1,2,55.25,1715.65,0.5511111111111111,0
0,0,0,0,7,1,0,0,0,0,0,2,2,0,0,1,3,59.5,415.95,0.11570247933884298,0
1,0,0,0,1,0,1,0,0,0,0,0,0,0,0,0,3,25.35,25.35,0.03795066413662239,0
1,1,0,0,20,1,2,1,0,0,2,0,2,2,0,1,2,98.55,1842.8,0.20090406830738322,0
1,0,0,0,35,1,0,0,2,2,2,0,0,0,1,0,3,61.2,2021.2,0.562700964630225,0
1,0,0,0,6,1,0,0,0,0,2,0,2,0,0,0,3,60.9,414.1,0.09693053311793215,0
0,0,1,1,72,1,2,0,2,2,0,2,2,0,2,0,3,74.55,5430.65,0.9530112508272668,0
0,0,0,0,13,1,0,2,1,1,1,1,1,1,1,0,2,19.65,244.8,0.6295399515738499,0
0,1,0,0,4,1,2,0,0,0,0,0,0,0,0,0,3,48.75,179.85,0.08040201005025126,0
1,0,1,1,63,1,0,2,1,1,1,1,1,1,2,1,3,19.15,1177.05,3.1265508684863526,0
1,0,1,0,69,1,0,0,2,2,2,2,2,2,2,1,3,84.7,5878.9,0.8051341890315052,0
0,0,0,0,3,0,1,0,2,0,0,2,0,0,0,0,3,34.25,139.35,0.0851063829787234,0
0,1,1,0,71,1,2,1,2,0,0,0,0,0,2,1,1,80.7,5676.0,0.8690330477356181,0
1,0,1,0,15,1,0,2,1,1,1,1,1,1,0,1,1,19.45,340.85,0.7334963325183375,0
0,0,1,1,30,1,0,2,1,1,1,1,1,1,2,0,3,19.7,599.25,1.4492753623188406,0
0,0,0,0,23,1,0,1,0,2,2,2,0,0,0,0,0,83.2,2032.3,0.2731591448931116,0
1,1,1,0,9,1,0,2,1,1,1,1,1,1,1,0,1,19.85,183.15,0.4316546762589928,0
1,0,0,0,35,1,0,2,1,1,1,1,1,1,1,1,3,19.15,638.0,1.7369727047146404,0
0,0,1,1,6,1,0,0,0,0,0,0,2,0,0,0,2,54.85,355.1,0.10743061772605192,0
0,0,0,0,1,1,2,1,0,0,0,0,0,0,0,1,3,75.05,75.05,0.013149243918474688,1
0,0,1,1,72,1,2,2,1,1,1,1,1,1,2,0,0,25.1,1857.85,2.758620689655172,0
1,0,1,1,45,1,0,0,2,2,2,2,2,2,2,1,3,84.35,3858.05,0.5272407732864676,0
1,0,1,1,7,1,0,1,0,2,0,2,2,0,0,1,2,89.75,608.8,0.07713498622589532,0
1,0,0,0,70,0,1,0,2,0,2,2,0,2,2,0,0,48.4,3442.8,1.417004048582996,0
1,0,1,0,53,1,0,2,1,1,1,1,1,1,2,0,1,19.9,1110.05,2.535885167464115,0
1,0,0,0,4,1,2,0,0,0,0,0,0,0,0,0,1,51.75,201.1,0.07582938388625593,0
0,0,1,0,72,1,2,0,2,2,2,2,2,2,2,1,2,92.4,6786.1,0.7708779443254817,0
1,0,1,1,72,0,1,0,2,2,2,2,0,0,2,0,1,45.25,3139.8,1.5567567567567568,0
1,1,1,0,17,1,2,1,0,0,0,0,2,2,0,1,2,94.8,1563.9,0.17745302713987474,0
0,0,0,0,7,1,0,1,0,0,0,0,0,0,0,1,0,69.85,515.45,0.09880028228652082,0
0,0,0,1,11,1,0,2,1,1,1,1,1,1,0,0,1,20.1,221.35,0.5213270142180094,0
0,0,0,0,2,1,2,1,0,0,0,0,0,0,0,0,1,74.9,147.15,0.026350461133069828,1
0,0,0,0,72,1,0,1,2,2,2,2,2,2,2,1,2,109.9,7624.2,0.6492335437330928,0
1,0,0,1,11,1,2,1,0,0,2,0,0,0,0,1,3,78.0,851.8,0.13924050632911392,0
1,1,0,0,5,1,0,1,0,0,0,0,2,2,0,1,2,91.4,449.75,0.05411255411255411,1
1,1,1,0,4,1,2,1,0,0,0,0,0,0,0,0,2,74.95,308.7,0.052666227781435156,1
1,0,1,0,30,1,0,0,0,0,2,0,0,0,0,1,3,50.0,1474.9,0.5882352941176471,0
0,0,1,1,11,1,0,2,1,1,1,1,1,1,2,0,1,20.9,202.3,0.5022831050228311,0
1,0,1,0,17,0,1,0,0,2,0,0,2,2,0,1,3,49.8,836.35,0.3346456692913386,0
0,1,0,0,34,0,1,0,0,2,2,0,2,2,0,1,2,56.25,1765.95,0.5938864628820961,0
0,1,0,0,2,0,1,0,0,0,2,0,0,0,0,1,2,30.4,78.65,0.06369426751592357,0
1,0,0,1,55,1,0,2,1,1,1,1,1,1,1,0,0,19.1,1001.5,2.7363184079601988,0
0,1,0,0,5,1,0,0,2,2,0,2,0,0,0,0,1,59.9,287.85,0.08210180623973727,0
0,0,1,1,11,1,0,2,1,1,1,1,1,1,1,1,3,20.0,196.35,0.5238095238095238,0
0,0,0,1,1,1,0,1,0,0,0,0,0,2,0,1,2,79.6,79.6,0.01240694789081886,1
0,0,1,0,70,1,0,2,1,1,1,1,1,1,2,0,0,19.45,1303.5,3.422982885085575,0
1,1,0,0,2,1,2,1,0,0,0,0,0,0,0,1,3,74.85,156.4,0.02636783124588003,1
0,0,0,0,7,1,2,1,0,0,0,0,0,0,0,1,2,73.85,511.25,0.09352037408149633,0
1,0,0,0,35,1,0,2,1,1,1,1,1,1,2,1,3,20.2,684.4,1.650943396226415,0
0,0,0,0,58,1,2,0,2,2,2,2,0,0,1,1,1,71.1,4299.2,0.8044382801664356,0
0,0,1,1,72,1,2,1,0,2,2,2,2,2,2,1,0,109.2,7711.45,0.6533575317604355,0
1,0,1,1,68,1,0,0,2,2,2,2,0,0,2,0,1,62.65,4375.8,1.0683424980361351,0
1,0,0,0,26,1,0,0,0,0,0,2,2,0,1,0,1,59.45,1507.0,0.43010752688172044,0
0,0,0,0,12,1,0,0,0,0,0,0,0,0,0,1,2,45.05,523.1,0.26058631921824105,0
1,0,1,1,25,1,2,0,0,0,0,0,2,0,0,0,2,60.35,1404.65,0.40749796251018744,0
1,1,1,1,72,1,2,1,2,2,2,2,2,2,2,1,0,114.95,8196.4,0.6209573091849935,0
1,0,0,1,70,1,2,1,2,2,2,2,2,2,2,1,2,114.6,7882.5,0.6055363321799309,0
1,1,0,1,1,1,0,0,0,0,2,0,0,0,0,1,3,50.15,50.15,0.019550342130987292,0
1,0,0,0,26,1,2,1,2,2,0,0,0,0,0,1,1,86.65,2208.75,0.2966343411294923,0
0,0,1,1,2,1,0,0,0,0,0,0,2,2,0,0,3,65.7,134.35,0.029985007496251874,0
0,0,1,1,28,1,0,2,1,1,1,1,1,1,1,0,3,19.9,543.0,1.3397129186602872,0
0,0,1,1,6,1,0,2,1,1,1,1,1,1,0,0,3,19.85,119.3,0.28776978417266186,0
0,0,1,1,58,0,1,0,2,0,2,2,2,2,2,0,3,59.75,3624.35,0.9547325102880658,0
0,1,1,0,29,0,1,0,2,0,2,0,0,2,0,1,2,45.0,1228.65,0.6304347826086957,0
1,0,0,0,16,1,2,0,0,2,2,0,0,2,0,1,0,71.4,1212.1,0.22099447513812154,0
1,1,1,0,43,1,2,1,0,2,0,0,2,2,0,1,2,101.0,4388.4,0.4215686274509804,0
1,0,1,0,52,1,0,0,2,2,0,0,2,2,1,1,3,75.4,3865.45,0.6806282722513088,0
0,0,1,1,72,1,2,1,2,2,2,2,2,2,2,1,0,118.75,8672.45,0.6012526096033403,0
1,0,1,1,71,1,0,2,1,1,1,1,1,1,2,0,3,19.45,1378.45,3.4718826405867973,0
1,0,1,0,65,1,0,2,1,1,1,1,1,1,2,1,1,20.4,1414.45,3.0373831775700935,0
0,0,0,0,49,1,2,1,0,0,0,0,0,2,0,1,2,84.5,3906.7,0.5730994152046783,0
1,0,0,0,52,1,0,1,0,0,2,0,0,2,0,1,1,83.8,4331.4,0.6132075471698113,0
1,0,0,0,2,1,0,2,1,1,1,1,1,1,0,0,3,20.35,33.2,0.09367681498829039,0
1,0,1,1,71,1,0,1,2,2,2,2,2,2,2,0,1,109.3,7782.85,0.6436990027198549,0
1,0,0,0,54,1,2,1,0,0,2,0,0,2,0,0,1,89.4,4869.5,0.5973451327433628,0
0,0,1,1,15,1,0,0,0,2,2,2,2,2,0,0,0,76.5,1155.6,0.1935483870967742,0
1,0,0,0,9,0,1,0,0,0,0,0,0,0,0,1,3,24.6,190.1,0.3515625,0
1,1,1,0,50,1,2,1,2,0,2,0,2,2,2,1,1,105.05,5163.3,0.47147571900047147,0
1,0,1,1,19,1,2,1,0,0,0,0,0,2,0,1,2,83.65,1465.75,0.22445363260484347,0
0,1,1,0,70,1,2,1,0,2,0,2,2,2,2,1,0,104.45,7349.35,0.6638217164532954,0
0,1,1,0,72,1,2,1,2,2,0,0,2,2,1,1,0,106.85,7677.4,0.6675938803894298,0
1,1,1,0,52,1,2,1,0,2,2,0,2,2,1,1,0,105.1,5376.4,0.49010367577756836,0
0,0,1,1,15,1,0,0,0,0,0,0,0,0,0,0,2,46.3,639.45,0.31712473572938693,0
0,0,1,1,72,1,2,0,0,0,2,0,2,2,2,1,0,76.8,5468.45,0.9254498714652957,0
1,1,0,0,3,1,2,1,0,2,0,0,0,0,0,1,2,81.35,233.7,0.03642987249544627,1
1,0,0,0,58,1,0,1,2,2,0,0,2,2,1,0,0,99.15,5720.95,0.5791313030454318,0
0,0,0,0,1,1,0,2,1,1,1,1,1,1,0,1,3,20.35,20.35,0.046838407494145196,0
1,0,1,0,35,1,2,1,0,0,0,2,0,2,0,1,0,89.85,3161.2,0.3852504127682994,0
0,0,1,1,50,1,2,1,0,0,0,0,2,0,0,1,0,84.4,4116.15,0.585480093676815,0
1,0,1,0,41,1,0,2,1,1,1,1,1,1,2,1,2,19.75,899.45,1.9759036144578312,0
1,0,1,1,72,1,2,0,2,2,2,0,0,0,2,0,1,64.45,4720.0,1.1000763941940412,0
0,0,0,0,30,1,2,0,0,2,2,0,2,0,1,1,1,68.95,2038.7,0.42887776983559683,0
0,0,1,1,2,0,1,0,0,0,0,0,0,0,0,1,3,24.4,36.55,0.07874015748031496,0
1,0,0,0,15,0,1,0,0,0,0,2,0,0,0,1,2,29.7,438.25,0.48859934853420195,0
1,0,1,1,37,1,0,0,2,0,2,2,0,0,1,1,3,58.75,2203.1,0.6192468619246861,0
1,0,1,1,72,1,0,0,0,2,2,0,2,2,2,1,0,75.4,5480.25,0.9424083769633507,0
1,0,1,1,72,1,2,2,1,1,1,1,1,1,2,0,0,25.0,1738.9,2.769230769230769,0
1,0,1,0,70,1,2,1,2,2,2,2,2,2,2,0,1,114.3,8244.3,0.6071118820468343,0
0,0,0,0,1,1,0,2,1,1,1,1,1,1,0,0,3,19.65,19.65,0.04842615012106538,0
1,0,1,0,23,1,2,1,0,2,2,0,0,0,0,0,2,84.25,1968.1,0.2697947214076246,0
0,0,0,0,8,1,2,1,0,0,0,0,0,0,0,1,1,74.6,548.9,0.10582010582010583,0
1,0,0,0,2,1,0,0,0,0,0,0,0,0,0,1,1,46.0,84.5,0.0425531914893617,0
0,0,1,1,26,0,1,0,2,2,0,2,0,0,0,0,1,38.85,1025.15,0.6524466750313676,0
1,0,0,1,52,1,0,2,1,1,1,1,1,1,1,0,1,19.65,928.4,2.5181598062953996,0
0,0,1,1,23,0,1,0,2,0,0,2,0,0,2,0,3,34.6,813.45,0.6460674157303371,0
0,0,0,0,15,1,0,1,2,2,0,0,2,2,0,1,1,99.1,1426.4,0.14985014985014986,0
1,0,1,0,40,1,0,0,0,2,0,0,0,0,0,1,3,50.15,2058.5,0.7820136852394917,0
1,0,0,0,27,1,2,0,0,0,2,2,0,0,0,0,2,59.45,1611.65,0.4466501240694789,0
0,0,1,0,37,1,0,2,1,1,1,1,1,1,0,0,0,19.5,805.2,1.8048780487804879,0
1,0,0,0,45,1,0,1,2,2,2,2,2,2,1,0,1,112.2,5031.85,0.39752650176678445,0
0,0,1,0,5,1,0,1,0,0,0,0,0,0,0,0,2,69.95,330.15,0.07047216349541931,0
0,0,1,0,71,1,2,2,1,1,1,1,1,1,2,0,3,23.85,1672.1,2.8571428571428568,0
1,0,0,0,4,1,0,0,0,0,0,0,0,2,0,0,2,54.3,195.3,0.07233273056057866,0
0,0,1,1,38,1,0,2,1,1,1,1,1,1,2,1,3,20.2,746.05,1.7924528301886793,0
1,0,0,1,3,1,0,0,2,0,2,0,0,0,0,0,3,55.9,157.55,0.05272407732864675,0
1,0,0,0,17,1,0,2,1,1,1,1,1,1,2,0,3,19.15,343.45,0.8436724565756825,0
1,0,1,1,70,1,2,0,2,2,2,2,2,2,2,1,1,90.15,6237.05,0.7679648930334613,0
1,0,0,0,1,1,0,0,0,0,0,0,0,0,0,1,3,44.9,44.9,0.02178649237472767,0
0,0,1,1,71,1,2,1,2,2,2,0,2,0,2,0,0,100.5,7030.65,0.6995073891625616,0
1,0,0,0,37,1,2,1,2,0,0,0,2,0,0,1,2,91.15,3369.25,0.4015192620727075,0
1,0,1,0,64,1,2,0,0,2,0,2,0,2,1,1,3,70.15,4480.7,0.8995080815179198,0
0,1,1,0,37,1,0,1,0,0,2,2,2,0,0,0,2,90.0,3371.75,0.4065934065934066,0
1,0,1,1,65,1,2,1,2,0,2,2,2,2,2,0,0,108.65,6937.95,0.5927952576379388,0
0,0,0,1,23,1,0,0,0,0,0,2,0,0,1,1,2,49.45,1119.35,0.4558969276511397,0
0,0,1,0,22,1,2,0,2,0,0,2,2,2,0,1,2,79.2,1742.75,0.2743142144638404,0
0,1,1,0,26,1,0,0,0,0,2,0,0,2,1,0,3,60.7,1597.4,0.4213938411669368,0
0,0,0,0,25,1,0,1,2,2,0,0,0,0,0,1,0,79.85,2015.35,0.30921459492888065,0
0,0,1,0,60,1,0,1,2,0,0,2,2,2,2,1,2,97.2,5611.75,0.6109979633401221,0
0,0,0,0,1,1,0,1,2,0,0,0,2,2,0,1,2,95.6,95.6,0.010351966873706004,1
0,0,1,0,71,1,2,0,2,2,2,2,2,2,2,0,1,89.3,6388.65,0.7862679955703211,0
0,1,0,0,27,1,2,1,0,0,0,0,0,2,0,1,2,85.25,2287.25,0.3130434782608696,0
0,0,0,0,3,1,0,1,0,0,0,0,2,2,0,1,2,89.45,240.45,0.03316749585406302,1
1,0,1,1,58,1,2,1,0,2,0,2,2,0,1,1,1,94.7,5430.35,0.6060606060606061,0
0,0,0,0,14,1,0,1,0,0,2,0,0,0,0,0,2,75.35,1025.95,0.183366077275704,0
1,0,1,1,71,1,0,0,2,0,2,2,0,2,2,1,1,70.85,4973.4,0.9881697981906751,0
0,0,1,1,2,0,1,0,0,0,0,2,0,0,0,0,0,29.05,44.75,0.06655574043261231,0
0,0,0,0,40,1,0,2,1,1,1,1,1,1,2,1,0,20.6,827.3,1.8518518518518516,0
1,0,1,1,68,1,2,2,1,1,1,1,1,1,2,0,0,25.4,1620.2,2.5757575757575757,0
0,1,0,0,57,1,2,1,2,0,2,2,0,2,2,0,1,101.3,5779.6,0.5571847507331379,0
0,0,0,0,45,1,2,1,0,0,2,2,0,0,0,1,2,87.25,3941.7,0.509915014164306,0
1,0,1,1,70,1,2,1,2,2,2,2,2,2,2,1,1,116.55,8152.3,0.5954912803062526,0
1,0,1,0,68,1,2,1,2,2,0,2,2,2,0,1,2,107.7,7320.9,0.6255749770009199,0
0,0,1,0,52,1,2,1,0,2,0,2,2,2,0,1,1,102.7,5138.1,0.5014464802314368,0
0,0,1,0,72,1,2,1,2,2,2,2,2,2,2,0,2,115.15,8349.7,0.6198880757640981,0
1,1,0,0,24,1,2,1,0,0,0,0,0,0,0,1,2,76.1,1712.7,0.311284046692607,0
1,0,1,1,67,1,0,0,2,0,2,2,0,0,2,1,0,60.4,3953.7,1.0912052117263844,0
0,0,0,0,68,0,1,0,2,2,2,2,2,2,2,0,1,64.35,4539.6,1.0405508798775824,0
1,0,1,1,23,1,0,2,1,1,1,1,1,1,2,0,1,19.6,426.65,1.116504854368932,0
1,0,1,0,71,0,1,0,0,2,0,0,2,2,2,0,2,49.35,3515.25,1.4101290963257198,0
0,0,0,0,1,0,1,0,0,0,0,0,0,0,0,0,3,24.4,24.4,0.03937007874015748,0
0,0,1,1,71,1,0,2,1,1,1,1,1,1,2,0,0,20.5,1500.95,3.302325581395349,0
1,1,1,0,69,1,2,1,2,0,2,2,2,2,1,1,3,110.55,7610.1,0.6185567010309279,0
0,1,1,0,40,1,0,1,0,2,0,2,2,2,1,1,1,99.2,4062.2,0.3992015968063872,0
0,1,0,0,18,1,0,1,0,0,2,0,0,2,0,1,2,84.95,1443.65,0.2094240837696335,0
1,0,0,0,22,1,2,1,0,0,0,0,2,2,0,1,1,94.65,2104.55,0.23000522739153162,0
1,0,1,1,69,0,1,0,2,0,2,2,0,0,2,0,3,39.1,2779.5,1.7206982543640896,0
0,1,0,0,62,1,2,1,0,0,0,0,2,0,1,0,2,84.45,4959.15,0.7255705090696314,0
0,0,0,0,56,1,0,2,1,1,1,1,1,1,2,0,0,19.7,1051.9,2.7053140096618358,0
0,0,0,0,7,1,0,2,1,1,1,1,1,1,1,0,3,19.9,173.15,0.3349282296650718,0
1,0,0,0,1,1,0,2,1,1,1,1,1,1,0,0,3,18.9,18.9,0.05025125628140704,0
1,0,1,1,6,1,0,2,1,1,1,1,1,1,0,0,3,19.55,122.9,0.291970802919708,0
1,0,0,0,2,1,2,1,0,0,0,0,2,0,0,1,2,85.65,181.5,0.023081361800346218,1
1,1,1,0,16,1,0,0,2,2,0,0,0,0,0,1,0,54.55,825.1,0.28802880288028804,0
1,0,0,0,2,1,0,2,1,1,1,1,1,1,0,0,3,19.85,51.6,0.09592326139088729,0
0,0,1,0,72,1,2,0,2,2,0,2,2,2,2,1,0,86.4,6058.95,0.8237986270022882,0
0,0,1,1,7,0,1,0,2,0,0,2,0,0,0,0,3,34.65,246.6,0.19635343618513323,0
0,0,1,1,19,0,1,0,0,0,0,0,0,0,0,1,3,24.85,434.8,0.7350096711798839,0
0,0,1,0,14,1,0,1,0,0,0,0,0,2,0,1,2,78.1,1122.4,0.1769911504424779,0
1,0,0,0,64,1,2,1,0,2,0,2,2,2,1,1,1,105.65,6903.1,0.6000937646507266,0
0,0,0,0,25,1,2,0,2,2,2,2,2,0,0,1,0,78.35,1837.9,0.31505986137366104,0
1,0,1,1,70,1,2,0,0,2,2,2,2,2,2,1,1,85.95,5931.75,0.8050603795284647,0
1,0,0,0,66,1,0,2,1,1,1,1,1,1,2,0,0,19.35,1240.8,3.243243243243243,0
1,0,0,1,1,1,0,1,0,0,0,0,0,0,0,1,2,71.65,71.65,0.013764624913971093,1
0,0,1,0,53,1,2,1,0,0,0,2,0,2,1,1,2,91.15,4862.5,0.5751492132392837,0
0,0,0,0,6,1,0,0,2,2,0,0,0,0,0,0,2,56.25,389.1,0.10480349344978165,0
0,0,0,0,59,1,0,1,0,0,2,0,2,2,2,0,2,95.8,5655.45,0.609504132231405,0
1,0,0,0,31,1,0,1,0,2,0,2,0,0,0,1,2,78.45,2435.15,0.39018250471994964,0
1,0,0,0,3,1,2,1,0,0,0,0,0,0,0,1,2,74.4,229.55,0.03978779840848806,1
0,0,0,1,15,1,0,1,0,0,0,0,0,0,0,0,0,69.0,994.8,0.21428571428571427,0
1,0,0,0,48,1,2,1,0,2,2,0,2,2,1,1,1,106.1,5082.8,0.4481792717086835,0
1,0,1,1,2,1,2,0,2,0,0,0,0,0,0,0,3,56.7,113.55,0.03466204506065858,0
1,1,1,0,70,1,2,1,0,2,2,0,2,2,0,1,2,102.95,7101.5,0.6734006734006733,0
0,0,0,0,2,1,2,1,0,0,2,0,2,0,0,1,2,91.4,193.6,0.021645021645021644,1
1,0,1,0,47,1,2,1,2,0,2,2,2,2,1,1,1,110.85,5275.8,0.4202056325435852,0
0,0,0,1,24,1,0,2,1,1,1,1,1,1,1,0,0,21.05,531.55,1.0884353741496597,0
1,0,1,0,31,1,0,1,0,0,2,0,2,2,1,1,2,93.8,2939.8,0.3270042194092827,0
0,0,0,0,54,1,2,1,0,2,2,2,2,2,0,0,2,111.1,6014.85,0.48171275646743983,0
1,0,0,0,1,1,0,0,0,0,2,2,0,0,0,0,3,55.05,55.05,0.01784121320249777,0
0,0,1,1,12,0,1,0,2,0,0,2,0,0,1,0,1,33.15,444.75,0.3513909224011713,0
0,0,0,0,2,1,0,2,1,1,1,1,1,1,0,0,0,18.75,53.15,0.10126582278481013,0
1,0,1,0,48,1,2,0,0,2,2,0,0,2,1,1,1,70.55,3420.5,0.6708595387840671,0
0,1,1,0,1,1,2,1,0,0,0,0,0,0,0,1,2,74.45,74.45,0.013253810470510271,1
1,0,1,0,71,1,2,0,2,2,0,2,0,0,2,0,0,65.15,4681.75,1.073318216175359,0
1,0,0,0,1,1,0,2,1,1,1,1,1,1,0,1,2,19.85,19.85,0.047961630695443645,0
1,0,0,1,56,1,2,2,1,1,1,1,1,1,2,1,3,24.8,1424.2,2.1705426356589146,0
1,0,0,0,2,1,0,2,1,1,1,1,1,1,0,0,3,20.05,33.7,0.09501187648456057,0
0,1,1,0,66,1,2,0,0,2,2,0,2,2,2,1,0,80.55,5265.1,0.809319435928878,0
1,0,1,1,50,1,0,2,1,1,1,1,1,1,1,1,3,20.35,938.95,2.34192037470726,0
0,1,0,0,63,1,2,1,0,0,2,0,0,2,0,1,0,89.6,5538.8,0.695364238410596,0
1,0,0,0,1,1,0,0,0,0,0,0,0,0,0,1,3,45.05,45.05,0.02171552660152009,0
0,0,0,0,6,0,1,0,0,0,0,2,2,2,1,1,3,49.25,255.6,0.11940298507462686,0
0,0,0,0,5,1,0,0,0,2,0,0,0,0,0,0,0,50.55,244.75,0.09699321047526674,0
0,0,1,1,35,1,2,0,2,0,2,2,2,0,0,0,2,72.25,2568.55,0.4778156996587031,0
0,0,0,0,71,1,2,1,2,2,2,2,2,2,2,1,2,118.65,8477.6,0.5933974091099039,0
0,0,0,0,42,1,0,0,0,0,2,2,0,2,2,0,1,66.5,2762.75,0.6222222222222222,0
0,0,1,0,64,1,0,2,1,1,1,1,1,1,2,0,1,19.45,1208.6,3.12958435207824,0
1,0,0,0,1,1,0,0,2,0,0,0,0,0,0,1,1,49.8,49.8,0.01968503937007874,0
1,0,0,0,1,1,0,1,0,0,0,0,0,0,0,1,2,69.85,69.85,0.014114326040931546,0
1,0,1,0,69,1,2,1,2,2,2,2,0,2,1,1,1,107.2,7317.1,0.6377079482439926,0
1,0,1,0,33,1,2,1,0,2,2,0,0,2,0,1,2,93.35,3092.0,0.3497615262321145,0
0,0,1,1,20,1,0,2,1,1,1,1,1,1,0,0,2,20.0,417.65,0.9523809523809523,0
1,0,1,1,13,1,2,2,1,1,1,1,1,1,1,0,0,24.5,343.6,0.5098039215686274,0
0,0,0,0,28,1,0,0,2,2,0,0,0,0,0,0,2,56.05,1522.65,0.49079754601226994,0
0,0,1,1,72,1,2,0,2,2,2,2,0,2,2,0,0,80.85,5824.75,0.8796579108124619,0
1,0,0,0,9,1,0,1,0,0,0,0,0,0,0,1,2,70.5,597.9,0.1258741258741259,0
0,0,0,0,72,1,2,1,0,0,2,2,2,2,2,1,1,107.5,7853.7,0.663594470046083,0
0,1,0,0,52,1,2,0,2,0,2,0,0,0,2,0,0,59.85,3103.25,0.8545603944124897,0
0,0,1,0,34,1,2,0,2,0,0,2,0,0,0,1,0,60.85,2003.6,0.549717057396928,0
1,0,1,1,71,1,0,1,2,2,2,2,2,0,2,0,1,100.2,7209.0,0.7015810276679841,0
0,0,0,0,6,1,0,2,1,1,1,1,1,1,2,0,1,19.65,116.85,0.2905569007263923,0
0,0,1,0,31,1,0,0,2,0,0,2,0,2,1,1,2,64.0,1910.75,0.47692307692307695,0
0,1,1,0,1,1,2,1,0,2,0,0,2,0,0,1,2,90.6,90.6,0.01091703056768559,1
0,0,1,1,49,1,2,2,1,1,1,1,1,1,2,0,3,25.25,1211.65,1.8666666666666667,0
0,0,0,0,27,1,0,2,1,1,1,1,1,1,2,1,0,20.25,538.2,1.2705882352941176,0
0,0,1,0,53,1,0,1,0,0,0,2,2,2,1,1,2,93.45,4872.2,0.5611434621492853,0
0,1,1,0,35,1,2,1,2,2,0,2,2,0,0,1,0,100.5,3653.35,0.3448275862068966,0
1,0,0,0,2,1,0,1,0,2,0,0,2,2,0,0,2,95.65,167.3,0.020693222969477496,1
0,0,1,0,46,0,1,0,0,0,0,0,2,2,0,1,2,43.95,2007.85,1.0233592880978866,0
0,0,0,0,35,1,0,2,1,1,1,1,1,1,0,0,0,19.25,617.65,1.728395061728395,0
1,0,0,0,9,1,0,1,0,0,2,0,0,0,0,1,2,73.8,704.3,0.12032085561497327,0
1,0,0,0,64,1,2,1,0,2,2,0,2,2,2,1,0,104.4,6692.65,0.6072106261859582,0
0,0,0,0,13,1,0,1,0,2,2,0,0,0,0,1,2,79.25,1111.65,0.16199376947040497,0
0,0,0,0,55,1,0,1,0,2,2,0,0,0,0,1,2,81.55,4509.5,0.6662628709872804,0
0,0,1,1,51,1,2,1,2,2,0,0,0,2,0,1,2,93.8,4539.35,0.5379746835443038,0
0,0,1,1,5,1,2,2,1,1,1,1,1,1,0,1,3,24.3,132.25,0.1976284584980237,0
1,0,1,1,20,1,0,1,0,0,0,0,0,0,0,1,2,70.45,1470.95,0.27991602519244224,0
0,0,1,1,23,1,2,2,1,1,1,1,1,1,2,1,1,25.6,514.75,0.8646616541353384,0
1,1,1,1,61,1,2,1,0,2,0,0,2,2,1,0,2,99.0,5969.3,0.61,0
0,0,1,1,54,1,0,0,2,0,2,2,0,2,2,0,0,69.95,3871.85,0.7610993657505285,0
1,0,0,0,15,1,2,1,0,0,0,0,0,0,0,1,3,76.0,1130.85,0.19480519480519481,0
0,0,1,1,64,1,2,2,1,1,1,1,1,1,1,0,3,24.9,1595.5,2.471042471042471,0
0,0,0,1,18,1,2,0,2,0,0,0,0,2,0,0,2,64.8,1166.7,0.27355623100303955,0
1,0,0,0,52,1,2,1,0,2,2,0,2,2,0,1,2,103.05,5364.8,0.4997597308986065,0
1,0,0,0,17,1,0,2,1,1,1,1,1,1,1,1,3,20.1,279.5,0.8056872037914692,0
0,0,1,1,27,1,0,2,1,1,1,1,1,1,2,0,3,19.9,550.1,1.291866028708134,0
0,0,1,0,58,1,2,1,2,2,2,0,2,2,1,1,1,110.65,6526.65,0.5194805194805194,0
0,0,1,1,68,1,2,1,2,0,2,2,2,2,2,1,0,109.05,7508.55,0.6179009541117674,0
1,0,0,0,1,1,0,2,1,1,1,1,1,1,0,0,2,19.2,19.2,0.04950495049504951,0
0,0,1,0,55,1,2,0,2,2,0,2,0,0,1,1,1,66.05,3462.1,0.8202833706189411,0
0,0,0,0,1,1,0,0,0,0,0,0,0,0,0,0,3,45.3,45.3,0.021598272138228944,0
0,0,1,0,72,1,2,0,2,0,2,2,2,2,2,1,1,84.4,6096.45,0.8430913348946135,0
0,0,0,0,6,0,1,0,0,0,0,0,2,2,0,0,1,45.0,298.7,0.13043478260869565,0
0,0,1,0,60,1,2,1,0,2,0,0,2,2,0,1,2,99.8,5985.75,0.5952380952380952,0
1,0,1,1,61,1,2,1,2,2,0,0,2,2,1,1,2,106.0,6547.7,0.5700934579439252,0
0,0,0,0,2,1,0,2,1,1,1,1,1,1,0,0,3,20.65,38.7,0.09237875288683603,0
1,0,0,0,63,1,2,0,2,2,2,2,0,0,1,0,2,71.5,4576.3,0.8689655172413793,0
0,0,0,0,17,1,0,1,0,2,0,0,2,0,0,1,2,83.55,1329.15,0.20106445890005914,0
1,1,1,0,58,1,2,1,0,0,2,0,2,2,0,1,2,98.7,5812.6,0.5817452357071213,0
0,0,0,1,26,1,2,0,0,0,0,0,0,0,0,1,3,49.5,1265.65,0.5148514851485149,0
0,0,1,1,53,0,1,0,2,2,2,0,0,2,0,1,0,48.7,2495.2,1.0663983903420522,0
0,0,0,0,25,1,0,2,1,1,1,1,1,1,0,1,1,19.2,532.1,1.2376237623762376,0
0,0,0,0,1,1,0,1,0,2,2,0,0,0,0,1,2,82.3,82.3,0.012004801920768308,1
0,0,1,1,24,1,0,2,1,1,1,1,1,1,2,1,1,21.1,490.65,1.085972850678733,0
0,0,1,0,2,1,0,0,0,0,2,0,2,2,0,0,1,69.0,147.8,0.02857142857142857,0
1,0,0,0,1,1,0,2,1,1,1,1,1,1,0,0,3,19.55,19.55,0.048661800486618,0
0,0,1,0,67,1,2,0,2,2,2,0,0,2,1,0,3,75.1,5064.45,0.8804204993429698,0
1,0,1,0,17,0,1,0,0,0,2,2,2,2,1,0,2,54.6,934.8,0.3057553956834532,0
1,0,0,0,11,1,0,1,0,0,0,0,0,0,0,0,2,70.2,760.05,0.1544943820224719,0
1,0,0,0,51,1,2,2,1,1,1,1,1,1,2,0,3,24.75,1234.6,1.9805825242718447,0
0,0,0,0,3,1,0,1,0,0,0,0,0,0,0,1,2,69.85,199.85,0.04234297812279464,0
0,1,0,0,1,1,0,1,0,0,0,0,2,0,0,1,2,79.2,79.2,0.012468827930174562,1
0,0,0,1,1,1,0,1,0,0,0,0,0,0,0,1,2,69.65,69.65,0.014154281670205236,0
0,1,1,0,72,1,2,0,2,2,2,0,2,2,2,1,1,84.1,6129.65,0.8460634547591069,0
1,0,0,0,19,1,0,0,0,2,0,2,0,2,1,1,0,65.35,1231.85,0.2863602110022608,0
1,0,0,0,65,1,2,2,1,1,1,1,1,1,2,0,3,25.75,1654.75,2.4299065420560746,0
0,0,0,0,45,1,0,1,2,2,0,0,2,2,1,1,2,100.3,4483.95,0.4442250740375124,0
1,0,1,0,5,1,2,1,2,0,0,0,0,2,0,1,2,89.15,413.25,0.05546311702717693,1
0,0,0,0,56,0,1,0,0,0,0,0,2,2,0,1,1,44.85,2564.95,1.2213740458015268,0
0,1,0,0,4,1,2,1,0,0,0,0,0,0,0,1,2,74.45,294.45,0.053015241882041084,1
0,0,0,0,64,1,2,0,2,2,2,2,2,2,2,1,1,86.4,5442.05,0.7322654462242563,0
0,0,1,1,41,1,0,2,1,1,1,1,1,1,2,0,0,19.7,804.25,1.9806763285024156,0
0,0,0,0,35,1,0,0,2,2,2,0,0,0,0,0,2,60.55,1982.6,0.5686433793663689,0
0,0,0,0,1,0,1,0,0,0,0,0,0,0,0,0,3,25.2,25.2,0.03816793893129771,0
0,1,0,0,3,1,2,1,0,2,0,0,0,0,0,1,2,79.4,205.05,0.03731343283582089,1
1,1,1,0,61,1,2,2,1,1,1,1,1,1,2,0,0,25.0,1501.75,2.3461538461538463,0
1,1,0,0,1,1,2,1,0,0,0,0,0,0,0,1,2,73.65,73.65,0.013395847287340923,1
0,0,0,1,35,1,0,0,2,2,0,0,0,0,1,0,1,55.6,2016.45,0.6183745583038869,0
0,0,1,1,69,1,2,1,2,2,2,2,2,2,2,0,1,113.25,7895.15,0.6039387308533917,0
0,0,1,0,64,1,0,0,0,2,2,2,0,2,2,1,3,68.3,4378.8,0.9235209235209235,0
1,0,1,1,51,1,2,1,2,2,0,2,2,2,1,0,1,110.05,5686.4,0.45925258892390813,0
1,0,1,1,17,1,0,2,1,1,1,1,1,1,1,0,0,19.9,329.75,0.8133971291866029,0
0,0,1,1,69,0,1,0,2,0,2,0,0,2,2,1,1,43.95,2960.1,1.5350389321468296,0
1,0,0,1,1,0,1,0,0,2,0,0,0,0,0,1,3,31.35,31.35,0.030911901081916538,0
